"region","year","prey","predator.lag00","environment.lag00","predator.lag01","environment.lag01","predator.lag02","environment.lag02","predator.lag03","environment.lag03","predator.lag04","environment.lag04","predator.lag05","environment.lag05","predator.lag06","environment.lag06","predator.lag07","environment.lag07","predator.lag08","environment.lag08"
"Connecticut",1992,0.499075009215418,-0.547017971149088,1.10421109745083,-0.520989029845235,0.0975653750459771,-0.000317402205499704,1.3190059506364,-0.569047732543937,1.55778394350341,-0.57395017058097,-0.340588848035796,-0.522615031785416,-0.934250996245317,1.51514310333549,-0.394150287216027,1.93660921811328,-0.948167554231993,2.51421745156881,0.0751696707119699
"Connecticut",1993,0.586508560754237,-0.854522348500803,0.816514879855524,-0.458456500145028,1.18835838798237,-0.53271494467222,-0.0535800419459402,0.0840043563248719,1.07656539036462,-0.506632314372801,1.55410637038343,-0.476828045194011,-0.308401283010061,-0.552674631308901,-0.92499242488071,1.35859000384076,-0.446914063573676,1.50819139960902,-0.925596691602614
"Connecticut",1994,0.349906249294416,-1.53354669767755,0.986302811551113,-0.77472102259634,0.892632282252945,-0.470119442743938,1.00045357010534,-0.451419586638749,-0.182336717400244,0.140657481910025,1.06739567207391,-0.402233025588002,1.54786045148363,-0.492306981746135,-0.300722070987043,-0.55295703897412,-1.00139801341695,1.03410205054718,-0.418481898142757
"Connecticut",1995,0.573124400141332,-1.60806586026699,1.42492163509805,-1.47308932998329,1.06715916432277,-0.786702453536207,0.714693346393662,-0.388468262147384,0.784396983101787,-0.390042076169932,-0.205874279753695,0.315029789424621,1.07102257473295,-0.393957508720352,1.55085530518737,-0.497151539258142,-0.349324888401261,-0.533742185166928,-0.97944959002313
"Connecticut",1996,0.488890199855628,-0.523135453075885,-2.22551889635712,-1.54973138487953,1.51802027633647,-1.48577403981727,0.883338724321867,-0.706850881136065,0.522304735410125,-0.327646211122886,0.771892748100264,-0.273039204000488,-0.176419370695143,0.55171447112585,1.07522074983982,-0.406234607279528,1.58471512865207,-0.487970708404316,-0.319751584371812
"Connecticut",1997,1.32934753645907,-0.645075621767688,-0.522923247965235,-0.4338936199727,-2.2343076881647,-1.56249327567811,1.3190059506364,-1.40989632234195,0.676982127490451,-0.643219538423851,0.506809242770969,-0.203898250341399,0.781513863848618,-0.223622487180987,-0.169073220846201,0.467970331705952,1.0878975095925,-0.41340095702557,1.63690372490693
"Connecticut",1998,1.05343503939866,-0.340412326915338,-0.10316975016225,-0.559307604485953,-0.484190898520097,-0.445531826977195,-2.30686967482002,-1.48705166677769,1.07656539036462,-1.34006156400252,0.663251967227602,-0.553585537832471,0.521807520261198,-0.132463903232794,0.786442626950228,-0.2487722733145,-0.211812868840129,0.303618893243387,1.13427667298211
"Connecticut",1999,1.05613249069202,-0.013063726345203,0.359030730564631,-0.245965100926355,-0.0527216622919255,-0.571072107325185,-0.615731301706625,-0.363740878694583,-2.24899853936237,-1.41653611792126,1.06739567207391,-1.32575725404977,0.6750768377882,-0.593507557758381,0.527391663769863,-0.164502795084435,0.786258240877758,-0.284250898397865,-0.18063159678548
"Connecticut",2000,0.617910850448067,0.724990960036771,0.877827188523376,0.0907089644187564,0.422379294453702,-0.257414057989739,-0.19880245071745,-0.489994789622206,-0.697928024334661,-0.303137013050346,-2.29612290374371,-1.41049882441839,1.07102257473295,-1.61157393506473,0.680274199417291,-0.590704108503632,0.515670073354242,-0.215133365462297,0.82911024859919
"Connecticut",2001,0.29306461799928,0.483514723724256,-1.33884858639126,0.849789257654935,0.955655878555936,0.0795990487492162,0.260287744753775,-0.174553758960498,-0.315531138358302,-0.428276905682507,-0.727350027942473,-0.176739570405202,-2.22426775209758,-1.72330108297823,1.07522074983982,-1.53183240057908,0.675361450909104,-0.564702200301997,0.555358014961568
"Connecticut",2002,-0.404617195860618,2.00712397435122,-0.084304424418296,0.601433877421217,-1.32288952624452,0.839443759762552,0.775593066201069,0.164375090343629,0.105535095638138,-0.115619211209871,-0.340588848035796,-0.315407277165254,-0.687317095785148,-0.0966566620267638,-2.2117537665799,-1.63511601964182,1.0878975095925,-1.33661235200045,0.716916710223115
"Connecticut",2003,-0.641954822840589,1.4121784204646,-0.348418984833657,2.16844751215981,-0.0333297865063897,0.590838277834198,-1.42616603452828,0.92853911958733,0.578160460328021,0.220319053991075,0.0852830129850398,0.0310491931215308,-0.308401283010061,-0.279482485487588,-0.678681673004297,-0.131401605897412,-2.34546710783704,-1.4213252171114,1.13427667298211
"Connecticut",2004,-1.06291307066681,0.107805027603858,-0.475759933605349,1.55655322595499,-0.304816047503891,2.15942994468628,-0.180064075392094,0.678520446022977,-1.44123882516511,0.977740379558852,0.563302448824753,0.403302899501918,0.108831859146777,0.177301512412631,-0.300722070987043,-0.30041077741747,-0.744117460689669,-0.187983885224691,-2.33923527514115
"Connecticut",2005,-1.39719207196307,0.58165186110999,-0.386149636321566,0.21502101186406,-0.435711209056258,1.54691946165184,-0.44240132994708,2.2560287329218,-0.298344761460488,0.729927779252044,-1.47914423158129,1.24260263085433,0.577154773812616,0.668097761917956,0.115458164942069,0.121852793380988,-0.349324888401261,-0.326604619852462,-0.719160580990637
"Connecticut",2006,-1.76797250912507,-0.264769129239937,-0.956825740076185,0.702366732938061,-0.343599799074963,0.204036282343902,-0.568885363393234,1.64003644938614,-0.538954038029883,2.29351671046568,-0.32320632309617,0.968001108765772,-1.42386131612324,1.77466877329606,0.58259924608699,0.575558216082509,0.0853905282758637,0.0197344921860871,-0.319751584371812
"Connecticut",2007,-1.57274528380198,1.01234416764779,0.873110857087387,-0.168166989577397,-0.930204041587421,0.691872775917374,-0.479878080597793,0.289519684276305,-0.654962082090127,1.68295971735928,-0.566561672250933,2.70061639911223,-0.291371358840394,1.41262161341687,-1.41336719153222,1.59850260282666,0.573336404137942,0.391862101793497,0.1200470860624
"Georges Bank",1982,-0.715894481481559,-1.20408644381006,-0.187324466766647,0.227067019477072,0.442415577347087,0.706061974095939,-0.33269531230689,0.702046201197598,-1.62226083375601,0.865188490585273,-0.465120354138052,1.08960645571194,-1.46993097719405,-0.237403710218246,0.138771126774768,1.64394118277253,0.204047106692252,-0.206151417401327,0.0415019526323353
"Georges Bank",1983,-0.733247908855107,-1.45966721902151,1.09514213385084,-1.20162750563441,-0.174952660685559,0.174524985147726,0.421024944931059,0.648522308350335,-0.272193895446248,0.641888932936273,-1.63060711966439,0.779570991085709,-0.404084611260516,1.15539097763901,-1.4806985700878,-0.28149862741508,0.0792182884805213,1.67097958390823,0.235925514513546
"Georges Bank",1984,-0.639312342541569,-1.56383540234348,0.204268388383731,-1.45748043248787,1.11905116623087,-1.24968014025676,-0.2112907071142,0.11575703586786,0.443677897465337,0.588993772003894,-0.277293974569759,0.558736579498974,-1.52068556604803,0.840051635587502,-0.414893726853461,1.03194112303245,-1.60597075737784,-0.258588465932267,0.109550199290759
"Georges Bank",1985,-0.894759255301336,-2.07609925356797,-0.887296695347948,-1.5617595378544,0.220163011655335,-1.50472909814788,1.11404289957266,-1.31173916380111,-0.156885687192033,0.0624867612458957,0.440299116601414,0.506425361943188,-0.224136523505504,0.615439337971659,-1.53145118167039,0.734568344157468,-0.496914718650543,1.05766736530406,-1.59651655621686
"Georges Bank",1986,-1.112104043887,-0.0307374580740307,-0.334171787448039,-2.07456886613263,-0.881221924994906,-1.60868052634,0.193391310194765,-1.5673774925957,1.10189558624981,-1.34824099406371,-0.16170851022004,-0.0142692025296943,0.463357452789287,0.562233215420997,-0.234952649424287,0.522753406392403,-1.65878294969819,0.75965700425646,-0.473720486352873
"Georges Bank",1987,-0.901669142079653,0.237367811280606,-0.946035623620505,-0.027029095512479,-0.323121037813394,-2.11987844923545,-0.934659813053976,-1.67156913328529,0.227475006988684,-1.60087640271497,1.10009947559773,-1.40942303549237,-0.113399238733188,0.0326309598576712,0.452514543830764,0.472578720249154,-0.309671491332947,0.547387924627013,-1.6499830357342
"Georges Bank",1988,-0.437861496026797,-0.739259303478066,-0.226483752281685,0.241361662017963,-0.94048927584604,-0.0787726813252711,-0.363046463605062,-2.1839483399004,-0.843930428040063,-1.70384413000289,0.223576370945691,-1.65926944093475,1.09548278669792,-1.38639022301725,-0.124219678698641,-0.0268492718648077,0.405693659188124,0.497105661436789,-0.284157513518692
"Georges Bank",1989,-0.68894992782033,1.26729427567303,1.90769730828788,-0.736305400572044,-0.214464227919648,0.188774709504285,-0.995362115650321,-0.13812595459851,-0.301020947509801,-2.21020454496095,-0.850405235303783,-1.76110044188905,0.255725043841196,-1.64051083209375,1.08461525172299,-1.36502125411321,-0.194444889906734,-0.00339312937464186,0.440070254488817
"Georges Bank",1990,-0.40270496011228,0.973598903082061,1.35946731107735,1.27238482931459,1.93891618633822,-0.785820221046867,-0.251758908845097,0.130039688698181,-0.901584532167171,-0.188413928601801,-0.306190340657189,-2.26187082166674,-0.7732088938349,-1.74408388906673,0.244890223720178,-1.60466325754625,1.06344550899609,-1.34443421955893,-0.167503376389966
"Georges Bank",1991,-0.492120177200912,-0.603743540539536,-0.0747415209109135,0.978376719281477,1.38575424506097,1.21655808339245,1.95375808548877,-0.84680735023049,-0.195321756610104,0.0766016392903058,-0.908197967478642,-0.262400039834424,-0.251820844698582,-2.25342111043382,-0.784003629272281,-1.70233520538586,0.189643781513975,-1.58459002748269,1.10597095393196
"Georges Bank",1992,-0.804232260089898,0.99774577528932,1.02661338419952,-0.600645335553786,-0.0613569048875522,0.923473837698305,1.38720326125621,1.16019807960526,1.8994440266748,-0.888770619373671,-0.200236998336613,-0.000310147615418841,-0.828577536221058,-0.219744732299655,-0.262635892105698,-2.18265277032088,-0.881003390071252,-1.68247138888377,0.221343747372455
"Georges Bank",1993,-0.77206673669059,-0.288221412075051,0.728023832147362,1.00254930395054,1.04990592357121,-0.65058644187589,-0.0949446271378727,0.866436570502131,1.3613390548218,1.09465901468276,1.89956560401662,-0.955025046958487,-0.150311666990627,0.0468288168597249,-0.839370114635103,-0.264845775596528,-0.3384781416895,-2.16381877880062,-0.862567610115294
"Georges Bank",1994,-0.202759751356679,0.226897433764852,0.904240616965032,-0.284787227729034,0.748630223411279,0.947570464636291,1.04322354654359,-0.71126107084281,-0.0463819876150768,0.804348249281409,1.3601667703846,1.0065082438913,1.86141567303977,-0.924218700457569,-0.161130668940523,-0.0134603424552936,-0.938616690784358,-0.241899909563073,-0.313321047800874
"Georges Bank",1995,-0.447273349840379,0.670630627242803,1.35946731107735,0.230880135266001,0.926432275964682,-0.335720857835473,0.734653508345507,0.890588880281979,1.03463246476819,-0.754816568563944,-0.0509391068848922,0.719402403961802,1.34464167743563,1.07087117770978,1.85051829924204,-0.929182106716237,-0.232853757048805,0.0100245065719478,-0.920894678679657
"Georges Bank",1996,-0.607756636234387,0.483906948601123,-2.42919356250256,0.675085831877722,1.38575424506097,0.17832611894848,0.916760416134542,-0.39566789075466,0.741557435455392,0.828216847859233,1.03267462139372,-0.822549800246514,-0.00727600749305276,0.778853724894622,1.3337644358557,0.952236866622828,1.86042950219406,-0.90766061114114,-0.206388088766208
"Georges Bank",1997,0.0974189728955069,0.848005321250836,-0.662130803636481,0.488163323117845,-2.43698988483717,0.621135983988676,1.38720326125621,0.11956695338481,0.914519747836714,-0.442930583410345,0.738894899504855,0.743007501875247,1.0308860372474,-0.789477156658291,-0.0181005817532305,0.676857204641258,1.32270536220507,0.977792218965779,1.91282873573899
"Georges Bank",1998,0.0898518816616391,2.23849677690007,-0.226483752281685,0.852649400867394,-0.654030413398892,0.434800843515937,-2.52809525620803,0.563400070009274,1.3613390548218,0.0662519246052438,0.912273096029434,-0.51410692315937,0.749428771784435,0.802862642887475,1.0200210187997,-0.802117506882858,-0.0840193968732802,0.701822129158746,1.3684427624716
"Georges Bank",1999,-0.40972422691007,-0.223437770965956,0.253217495277528,2.24462150204852,-0.214464227919648,0.798141593372159,-0.701967653101321,0.376634343538465,-2.35735066137663,0.504871443517372,1.3601667703846,-0.0105456052071391,0.915534698942908,-0.475757647058339,0.738574718205349,0.699498206600823,0.996229991497464,-0.780323578424254,-0.0557098283082699
"Georges Bank",2000,-0.391707564163164,0.65793036119789,0.791657671109298,-0.219934602658651,0.269552470697946,2.1857396880506,-0.251758908845097,0.740814706572423,-0.622923028886151,0.320299607785669,-2.36746445489385,0.423231713428093,1.34464167743563,0.0364182579694368,0.904674174293818,-0.506272269970444,0.703362379539174,0.724511674563594,1.03792270727354
"Georges Bank",2001,0.500362691206265,0.407213545855125,-1.50895035289917,0.662372042130742,0.812836520166675,-0.271072019754451,0.243976562358386,2.13161928344741,-0.195321756610104,0.680202034278902,-0.628866428633488,0.240697483766234,-2.22663575647154,0.477616346130763,1.3337644358557,-0.0232777563139833,0.876202281678493,-0.483844034465899,0.741426775404693
"Georges Bank",2002,1.28556008412751,1.18429623622559,-0.206904109524166,0.411388254466141,-1.50846805483607,0.608462144898021,0.800414336158214,-0.330869661182593,0.275520093761273,2.05466917420135,-0.200236998336613,0.596626718109825,-0.560962431354629,0.291959444095886,-2.23737387004638,0.392782925037444,1.32270536220507,0.000186043684892911,0.916407981097783
"Georges Bank",2003,1.88823054623823,-0.670811511370223,-0.481019108129431,1.18929841055654,-0.194708444302604,0.358267025855717,-1.57709251553196,0.550696944023831,0.804016048259758,-0.378893522594746,0.271736981091407,1.95592023971719,-0.150311666990627,0.653977675494403,-0.571765435381459,0.217703886322341,-2.39335253379029,0.417138780032624,1.3684427624716
"Georges Bank",2004,2.02843209059736,-0.330259938962395,-0.613181696742684,-0.667784722782566,-0.471289414941229,1.13373274783831,-0.231524807979649,0.299923670400637,-1.45410303005195,0.49231753800714,0.801503692694286,-0.450776808250743,0.301865579162994,2.03652507301648,-0.161130668940523,0.559096009404774,-0.660152404004344,0.24168436306566,-2.39365315992983
"Georges Bank",2005,1.92090684841418,-0.728860442848408,-0.520178393644469,-0.326870518758402,-0.604640954356281,-0.71751485640193,-0.514802220095925,1.07718135004093,-0.176103721901069,0.244490035928937,-1.46204498415438,0.410816398477826,0.809411467702773,-0.411344123297731,0.291028961522531,1.86287231226886,-0.232853757048805,0.583808448005448,-0.638980513951902
"Georges Bank",2006,1.65882437307815,-0.594617644405952,-1.11246258705942,-0.725895466859941,-0.510800982175319,-0.377671910159438,-0.651382400937701,-0.778344144538854,-0.44515620782757,1.01261746208276,-0.180972754278326,0.165724822065134,-1.35919369242174,0.464988638353851,0.798555077348407,-0.445528728003224,0.237654865441564,1.8903801127414,-0.206388088766208
"Georges Bank",2007,1.18455677237286,0.320253325099332,0.786762760419918,-0.591509721836335,-1.10841343659092,-0.775442998563466,-0.555270421826821,-0.437715884190694,-0.574877942113562,-0.821111634005402,-0.450672171094337,0.925372400252234,-0.131855452861908,0.215704200712111,-1.36996559936216,0.380874685082316,0.765776788645039,-0.422970255294026,0.269949637842758
"Gulf of Maine",1982,-1.51704666106738,0.619224729832149,-0.187324466766647,0.702848651892451,0.442415577347087,1.39239839220906,-0.33269531230689,-0.96622682170195,-1.62226083375601,1.27101620046282,-0.465120354138052,-1.30534893327215,-1.46993097719405,-1.71755262314762,0.138771126774768,-1.04490542675942,0.204047106692252,-1.338998502286,0.0415019526323353
"Gulf of Maine",1983,-1.73471949370684,0.651688019928347,1.09514213385084,0.556427987855154,-0.174952660685559,0.600914418149278,0.421024944931059,1.65485408739004,-0.272193895446248,-1.13724047980651,-1.63060711966439,1.26946278107516,-0.404084611260516,-1.14737240602373,-1.4806985700878,-1.66305392224574,0.0792182884805213,-0.933923719741623,0.235925514513546
"Gulf of Maine",1984,-1.13044463870559,0.540876846784077,0.204268388383731,0.591627401318427,1.11905116623087,0.459580330176171,-0.2112907071142,0.645157797529095,0.443677897465337,1.59902098827354,-0.277293974569759,-1.05474569885504,-1.52068556604803,1.26634621908233,-0.414893726853461,-1.10331349193866,-1.60597075737784,-1.53736158206256,0.109550199290759
"Gulf of Maine",1985,-1.1984221710627,0.498628170216901,-0.887296695347948,0.471476662182092,0.220163011655335,0.493556934719862,1.11404289957266,0.464857868617903,-0.156885687192033,0.54495468958496,0.440299116601414,1.58602019604395,-0.224136523505504,-0.91244816241638,-1.53145118167039,1.26621084665047,-0.496914718650543,-0.990941795902007,-1.59651655621686
"Gulf of Maine",1986,-1.43751444293919,-0.770071437399652,-0.334171787448039,0.425667114525113,-0.881221924994906,0.377580168415872,0.193391310194765,0.508201830939553,1.10189558624981,0.356731675764232,-0.16170851022004,0.568740829649066,0.463357452789287,1.56309822008031,-0.234952649424287,-0.87269062348903,-1.65878294969819,1.32219285060511,-0.473720486352873
"Gulf of Maine",1987,-1.48829087017131,-1.27196289660878,-0.946035623620505,-0.949963079360163,-0.323121037813394,0.33336202010239,-0.934659813053976,0.360250243181488,0.227475006988684,0.401980341520121,1.10009947559773,0.387086802308745,-0.113399238733188,0.609464935004996,0.452514543830764,1.55752942934519,-0.309671491332947,-0.765807266325775,-1.6499830357342
"Gulf of Maine",1988,-0.82818129035126,0.624165166178331,-0.226483752281685,-1.49415576389821,-0.94048927584604,-0.994479511824553,-0.363046463605062,0.303841141089837,-0.843930428040063,0.247527181635063,0.223576370945691,0.430756288836902,1.09548278669792,0.43917609148542,-0.124219678698641,0.621356813543554,0.405693659188124,1.60657866417465,-0.284157513518692
"Gulf of Maine",1989,-0.49845966651145,0.988260442022246,1.90769730828788,0.561784822024548,-0.214464227919648,-1.51976723167283,-0.995362115650321,-1.3900866101354,-0.301020947509801,0.18863924270614,-0.850405235303783,0.281693546938176,0.255725043841196,0.480113396685055,1.08461525172299,0.454185895147007,-0.194444889906734,0.692684986251364,0.440070254488817
"Gulf of Maine",1990,-0.461374951751974,0.119499939716429,1.35946731107735,0.95656736305711,1.93891618633822,0.464751070773014,-0.251758908845097,-2.06019627656341,-0.901584532167171,-1.57972632712849,-0.306190340657189,0.224860798109713,-0.7732088938349,0.340376764905152,0.244890223720178,0.494373653578263,1.06344550899609,0.529492383865305,-0.167503376389966
"Gulf of Maine",1991,-0.327421941783609,0.272727251515781,-0.0747415209109135,0.0145845871090765,1.38575424506097,0.845819076108179,1.95375808548877,0.471454183600361,-0.195321756610104,-2.27928323636947,-0.908197967478642,-1.4817887823522,-0.251820844698582,0.287099756882058,-0.784003629272281,0.357195547335494,0.189643781513975,0.568723758229726,1.10597095393196
"Gulf of Maine",1992,-0.272679241543732,0.444282109864119,1.02661338419952,0.180726450300043,-0.0613569048875522,-0.0634397187507135,1.38720326125621,0.957582726668705,1.8994440266748,0.363617858657408,-0.200236998336613,-2.15693114320296,-0.828577536221058,-1.31277329633441,-0.262635892105698,0.304894021430675,-0.881003390071252,0.434810202194545,0.221343747372455
"Gulf of Maine",1993,-0.0813720189439707,0.717504438209598,0.728023832147362,0.366740571873739,1.04990592357121,0.0969304643968424,-0.0949446271378727,-0.202358929488076,1.3613390548218,0.871108793530003,1.89956560401662,0.393732657298288,-0.150311666990627,-1.94567537686447,-0.839370114635103,-1.26568595372395,-0.3384781416895,0.383753342526388,-0.862567610115294
"Gulf of Maine",1994,0.085648442943469,0.460059459653392,0.904240616965032,0.662991065102609,0.748630223411279,0.276482554230558,1.04322354654359,0.00222535046624751,-0.0463819876150768,-0.33980524119252,1.3601667703846,0.88351214965152,1.86141567303977,0.44540614857217,-0.161130668940523,-1.88699983354445,-0.938616690784358,-1.14945013484476,-0.313321047800874
"Gulf of Maine",1995,-2.70893851396676e-05,1.25356584255897,1.35946731107735,0.383847693700936,0.926432275964682,0.562441462745139,0.734653508345507,0.231279993243118,1.03463246476819,-0.126230726849182,-0.0509391068848922,-0.285140964041424,1.34464167743563,0.904542588064276,1.85051829924204,0.460301882215385,-0.232853757048805,-1.75597805201497,-0.920894678679657
"Gulf of Maine",1996,0.158737571776016,0.795271160808363,-2.42919356250256,1.2442336612006,1.38575424506097,0.292995383735797,0.916760416134542,0.596077839368614,0.741557435455392,0.11288947388217,1.03267462139372,-0.0790202039909436,-0.00727600749305276,-0.190993746142554,1.3337644358557,0.911031704984971,1.86042950219406,0.535462823313873,-0.206388088766208
"Gulf of Maine",1997,0.438951612018143,-0.176659526377772,-0.662130803636481,0.747312248024181,-2.43698988483717,1.12349199991321,1.38720326125621,0.252345413684956,0.914519747836714,0.493717965871602,0.738894899504855,0.151754697544995,1.0308860372474,0.00223106900901876,-0.0181005817532305,-0.16444576811848,1.32270536220507,0.975466224959928,1.91282873573899
"Gulf of Maine",1998,0.645984921965329,-1.42465031623708,-0.226483752281685,-0.306536268701307,-0.654030413398892,0.643833372578291,-2.52809525620803,1.31181014017234,1.3613390548218,0.134880591387915,0.912273096029434,0.519292268491079,0.749428771784435,0.218567539338273,1.0200210187997,0.0252411728359236,-0.0840193968732802,-0.0744171478585827,1.3684427624716
"Gulf of Maine",1999,1.00248131162236,0.52694108721256,0.253217495277528,-1.65971223085552,-0.214464227919648,-0.373405006666247,-0.701967653101321,0.699909517680048,-2.35735066137663,1.24090234669561,1.3601667703846,0.172978324664459,0.915534698942908,0.563110122967027,0.738574718205349,0.237616603193764,0.996229991497464,0.110755643138295,-0.0557098283082699
"Gulf of Maine",2000,0.824217033593339,0.925809778139324,0.791657671109298,0.456366346449182,0.269552470697946,-1.67957235494082,-0.251758908845097,-0.59778171940088,-0.622923028886151,0.6021124147206,-2.36746445489385,1.24039990133208,1.34464167743563,0.238463310273719,0.904674174293818,0.575850740800769,0.703362379539174,0.318076985243639,1.03792270727354
"Gulf of Maine",2001,0.818683753709647,-0.107598132202387,-1.50895035289917,0.888853131611164,0.812836520166675,0.362994777022261,0.243976562358386,-2.2640597094979,-0.195321756610104,-0.752604456922928,-0.628866428633488,0.623903749175948,-2.22663575647154,1.23910165834642,1.3337644358557,0.257148089994327,0.876202281678493,0.648261862262486,0.741426775404693
"Gulf of Maine",2002,0.990999231941254,0.482244268708185,-0.206904109524166,-0.231654130731745,-1.50846805483607,0.78045720108093,0.800414336158214,0.341643655987106,0.275520093761273,-2.49210522685217,-0.200236998336613,-0.68353347990973,-0.560962431354629,0.661176586593087,-2.23737387004638,1.23946512364596,1.32270536220507,0.337143663766587,0.916407981097783
"Gulf of Maine",2003,1.11385145350031,0.188429529995229,-0.481019108129431,0.407902318608313,-0.194708444302604,-0.301124234379156,-1.57709251553196,0.874200567488836,0.804016048259758,0.228102948138168,0.271736981091407,-2.36232564248873,-0.150311666990627,-0.56446083513238,-0.571765435381459,0.672121644105044,-2.39335253379029,1.29608361951594,1.3684427624716
"Gulf of Maine",2004,1.3906072952238,-1.12280752955759,-0.613181696742684,0.0893238122734913,-0.471289414941229,0.316214363755949,-0.231524807979649,-0.505573121376826,-1.45410303005195,0.784062495761105,0.801503692694286,0.262947219530676,0.301865579162994,-2.13821936975447,-0.161130668940523,-0.531074814196517,-0.660152404004344,0.742241720691055,-2.39365315992983
"Gulf of Maine",2005,1.41414518242501,-2.81722182804559,-0.520178393644469,-1.3324290436692,-0.604640954356281,0.00870310544614022,-0.514802220095925,0.281965871898974,-0.176103721901069,-0.656343852023743,-1.46204498415438,0.799503769199992,0.809411467702773,0.322803301430643,0.291028961522531,-2.07601841783862,-0.232853757048805,-0.432321194290076,-0.638980513951902
"Gulf of Maine",2006,1.13925573589826,-0.41519527445847,-1.11246258705942,-3.16965470052107,-0.510800982175319,-1.36365881176683,-0.651382400937701,-0.110326311874833,-0.44515620782757,0.165802688526065,-0.180972754278326,-0.590632371808215,-1.35919369242174,0.825790191750804,0.798555077348407,0.339943847413625,0.237654865441564,-1.94049839183341,-0.206388088766208
"Gulf of Maine",2007,0.952390931307159,-2.00301130045666,0.786762760419918,-0.565176671370995,-1.10841343659092,-3.13706022555778,-0.555270421826821,-1.86104872896792,-0.574877942113562,-0.243728349972516,-0.450672171094337,0.202821240070667,-0.131855452861908,-0.477372084654771,-1.36996559936216,0.833721235634472,0.765776788645039,0.417969056420883,0.269949637842758
"Massachusetts",1986,-0.188827943375491,-1.02058120244405,-0.309992217838164,-0.936528238747466,-0.766352267260977,-0.400412818029329,0.225970573343327,-0.223146128606675,1.00618999771171,-0.553118623069655,-0.245590594048225,0.161604045658786,0.30842726081044,-0.0971440291093036,-0.396104345771507,0.348577621880957,-1.70240061475229,1.30922896446866,-0.512882262992255
"Massachusetts",1987,-1.77512781873208,0.870502053775683,-0.895485761145135,-0.98720415131968,-0.237143451591314,-0.946548688654582,-0.843085967468979,-0.353378543822033,0.151003253742767,-0.153303923159752,0.996149918314907,-0.604069341891041,-0.286783242507953,0.151923035751899,0.31225901780678,-0.0500122857262181,-0.383573471845189,0.323069801238715,-1.65395420957427
"Massachusetts",1988,-0.205427677974839,-1.06662787412442,-0.206945354216137,0.876414724915034,-0.822551433526782,-1.00591264739999,-0.30136673378382,-0.910662356708663,-0.896835449032362,-0.28572226270229,0.13356681430693,0.00337002577503126,0.960777972447398,-0.615376041872227,-0.282005548953528,0.210808798119623,0.315733447347542,-0.0669901757042645,-0.328990503005897
"Massachusetts",1989,0.1497759871706,-0.804354583821859,1.83525612483858,-1.03258208285658,-0.134111646770671,1.17721121698636,-0.900613673701032,-0.971238076153367,-0.365867855249449,-0.85235996986876,-0.923334461483065,-0.197813453614887,0.0941514796158185,-0.00664694915261317,0.963572982976077,-0.592700799471547,-0.27093343116985,0.188249267165464,0.37357032360865
"Massachusetts",1990,1.56083013499075,-0.6783231776324,1.31065391003553,-0.774117812215685,1.90779139422024,-1.05907032170668,-0.19589927235839,1.25644857946981,-0.953221388195149,-0.913952440316289,-0.387774622181409,-1.05870738926687,-0.967704058304194,-0.208257584547788,0.0983237737730691,0.0447555491633177,0.958720346202603,-0.59806501006094,-0.215826343014292
"Massachusetts",1991,0.660908163583749,-1.16545464502955,-0.0617429554760079,-0.649916771991474,1.38326584240606,-0.756294081069227,1.89427405407284,-1.02548082601689,-0.262493633451006,1.35112547804135,-0.980208072736338,-1.1522849673551,-0.429633763304367,-1.07097938407616,-0.961844213327319,-0.166369532621067,0.104533371081281,0.0257496021638168,1.0195490702274
"Massachusetts",1992,0.37966286079304,-0.422960962765069,0.992145422476541,-1.12997358327327,0.0110695327493252,-0.610799603441423,1.35734879590702,-0.716524196523303,1.7861954894636,-0.969105643589613,-0.283506334883741,2.28905297932771,-1.02484426662276,-1.16475564758606,-0.424629044976001,-1.06980505885501,-0.942080340193746,-0.18085734638457,0.161387523624391
"Massachusetts",1993,-0.458762419123062,0.419549595269696,0.706424573342739,-0.398263206587283,1.06480390023317,-1.17315894329096,-0.0472860312589218,-0.568059827842404,1.25992672394425,-0.654963240559258,1.78290154065185,-1.23607935242562,-0.32487671472033,2.28388900327792,-1.01889361173631,-1.16800682913442,-0.411733482014024,-1.06495911064594,-0.890096129630938
"Massachusetts",1994,1.13593670006101,-0.232756856803812,0.875046713815147,0.432011491375665,0.77912480504866,-0.316001717887807,1.03135846059206,-1.14189826984946,-0.116829957280472,-0.504006927958849,1.25208116895464,-0.758802096994889,1.75121752085422,-1.24872794624521,-0.320038481226187,2.44338689784734,-0.998400360531415,-1.16105933676782,-0.357281543003798
"Massachusetts",1995,0.970198105402343,0.0691044484788523,1.31065391003553,-0.210821452745453,0.947722303846075,0.656618022249871,0.73892595391246,-0.267244410784832,0.940406402021788,-1.08747713029362,-0.136582839146118,-0.529453833682264,1.21790890988094,-0.770437328055033,1.75275632763376,-1.2559419640408,-0.308480111394963,2.37304959824018,-0.94667820962674
"Massachusetts",1996,1.08449767506424,-0.52117359522364,-2.31472211012123,0.0866558924107649,1.38326584240606,-0.0964243293923103,0.911509072608617,0.725228829715159,0.653777877944287,-0.198142385942259,0.929797371852755,-1.41592141688543,-0.177264509897369,-0.540602108814087,1.22029527581653,-0.755079766547211,1.7378139608737,-1.24711263626044,-0.25354772967816
"Massachusetts",1997,0.0336091112500964,-0.84336575723923,-0.623816757050701,-0.495049487747835,-2.24158038173836,0.252053516376752,1.35734879590702,-0.0431849214413371,0.822935695432648,0.810989313950479,0.64068984798195,-0.0647531510012663,0.894114396075738,-1.4289518542742,-0.172660868669631,-0.514398121136663,1.21216043772212,-0.756969023797233,1.80226784350266
"Massachusetts",1998,0.455407050259411,-0.546956701939627,-0.206945354216137,-0.812562422692545,-0.550922129908725,-0.429381359423588,-2.35318825606035,0.312406192495874,1.25992672394425,0.029677895886591,0.811310681741769,1.46842289733505,0.603651670456363,-0.0749147661555605,0.897015351498922,-1.44467103206611,-0.16298672552265,-0.521438029992043,1.27416843020851
"Massachusetts",1999,0.49736462820331,0.387690765706568,0.252081583736529,-0.520458143980104,-0.134111646770671,-0.801329762806172,-0.622563093579445,-0.382938402586619,-2.37696635205553,0.391237533598771,1.25208116895464,0.28137471264859,0.77507229541206,1.46151654627176,0.607014242919892,-0.0267339752843279,0.893013655808655,-1.43180285173618,-0.107377356355671
"Massachusetts",2000,0.710060827233193,0.0887926300042665,0.767315901846664,0.400615350590581,0.324848211066737,-0.459146159775218,-0.19589927235839,-0.7624791644795,-0.680689348908344,-0.315778277621813,-2.41626675688149,0.830693078769077,1.21790890988094,0.271948001751807,0.778162438146861,1.58220488776968,0.606720219092168,-0.0442100273338651,0.953536643565625
"Massachusetts",2001,-1.31913551508611,0.369347225646858,-1.43413982098755,0.106058140624227,0.840007235169949,0.619839223176945,0.273910328536704,-0.413310773862608,-0.262493633451006,-0.701689553209048,-0.705318951678851,-0.243477624295434,-2.46763452666654,0.822432689478808,1.22029527581653,0.336498004511089,0.775680280105177,1.53029711358456,0.66591107025363
"Massachusetts",2002,0.570973386650605,-0.556079813633496,-0.188209560830314,0.382538215488354,-1.36112677690741,0.274782150239453,0.80124763566385,0.68769928719072,0.197991536378423,-0.346660442908276,-0.283506334883741,-0.82979348829629,-0.748666593083026,-0.254018710131344,-2.45939092156329,0.912961267421853,1.21216043772212,0.311248690912424,0.835657310241037
"Massachusetts",2003,-2.25651158141086,2.55797918747798,-0.450510668231837,-0.529448759864821,-0.115378591348736,0.598662884202989,-1.45192085842487,0.335598772258504,0.714862645370639,0.77282984576693,0.180961490351324,-0.290396967075966,-0.32487671472033,-0.84157944942238,-0.743154852759526,-0.214290225705719,-2.42048087405757,0.875375485766072,1.27416843020851
"Massachusetts",2004,-1.28714246828115,0.632296026689184,-0.576977273586143,2.53938446949863,-0.377641367255826,-0.469678156603407,-0.17672337028104,0.666090688376519,-1.49358663850519,0.41481939604674,0.702302926839662,1.41044713198897,0.14176831988129,-0.301037672816513,-0.320038481226187,-0.829579240062364,-0.726186928899346,-0.227752523816189,-2.37537572952075
"Massachusetts",2005,-0.318604340223584,0.645521309773489,-0.487982255003483,0.641668186363008,-0.504089491353887,3.12528599850391,-0.445185999363951,-0.424057753992302,-0.243698320396743,0.750858551062108,-1.52524684724687,0.86652105512165,0.665553562801475,1.4034176858465,0.145864939113894,-0.263528115973094,-0.308480111394963,-0.829874188647076,-0.673198156313695
"Massachusetts",2006,0.560778283917472,2.37278334670496,-1.05474000492463,0.654701397417252,-0.415107478099696,0.902218954925545,-0.574623338386068,3.24428823700683,-0.506832703156417,-0.357587808890989,-0.264548464465983,1.37706609481022,-1.57243792967568,0.858336736368095,0.668817757862964,1.52136421517906,0.151466721362672,-0.275936710058408,-0.25354772967816
"Massachusetts",2007,-0.960463150372638,-0.554931418870373,0.762631953500208,2.35687824533868,-0.98178240461323,0.917486622818882,-0.483537803518652,0.975843066156569,-0.633701066272688,3.37233061573751,-0.529958650314592,-0.306998938650024,-0.305829978614142,1.36996577351172,-1.56561701315579,0.950559704731636,0.667733574457977,1.4707584476651,0.208539256954226
"Newfoundland",1984,-0.663139913929667,0.500172103344665,-0.23009048100062,1.87358160571807,0.768432602276158,0.621521534419531,-0.542386698810104,1.33079587149498,0.160472442777856,0.527714194916777,-0.537815350592727,-0.490573641786135,-1.66424296772419,-0.355039057529776,-0.396218902943644,0.200005422303469,-1.5142879515268,1.74151561734309,0.589188669606602
"Newfoundland",1985,-0.257546834628441,1.95639994787418,-1.4028945327295,0.17301226160033,-0.211285321466474,1.84615769065572,0.86925550405328,0.389550038813834,-0.519495535094416,1.25460956849858,0.289735292143758,0.526378834883009,-0.329999675483114,-0.559080757873675,-1.64282745565041,-0.530004075475657,-0.102378701061853,-0.0964663437830131,-1.52466369528523
"Newfoundland",1986,-0.712255009098379,0.222945782954689,-0.808603690373609,1.43124295806228,-1.41170893132695,-0.00439135772710473,-0.111350911676247,1.79400939671043,0.905717346525867,0.24984681414772,-0.404518602769401,1.25401898941339,0.377481643178526,0.493521039274393,-0.19531917750743,-0.752090100096756,-1.58152172535847,-0.786442264581706,-0.133495899587186
"Newfoundland",1987,-1.63699272154996,1.04657537455729,-1.4660050646611,-0.0665207671713875,-0.803422528124109,1.36480750854537,-1.31286316831188,-0.328270690328448,-0.0843160292561617,1.74908155582446,1.05063756096858,0.248226749686124,-0.216042953014125,1.24666865620571,0.57222079915913,0.393598003088221,0.135995587977685,-0.99634913538358,-1.59090978079466
"Newfoundland",1988,-0.6520429423065,-0.036213671454247,-0.692901048499011,0.645123388351292,-1.47630571750778,-0.26504971898889,-0.704025118985301,1.24197868599888,-1.2973789017803,-0.516413718330482,0.0398038899750212,1.74899761542365,1.02798460060567,0.205618318669704,-0.0716885772389908,1.2133498475162,1.04670761533387,0.0865096580267193,0.101376585400795
"Newfoundland",1989,-0.133934893979583,-0.0690351281311117,1.60011494501574,-0.29044340540456,-0.684995086792582,0.509357052099252,-1.37751853638195,-0.627203620590144,-0.682687849783761,1.15979884335726,-1.19874505855005,-0.518818897496302,0.163812788549172,1.75899878297308,1.27794547569147,0.0802347514150136,0.282687458155862,0.861306472871385,0.998709925483082
"Newfoundland",1990,-0.803673400281678,0.179501545910493,1.01108331365416,-0.318802267273988,1.66202147777768,-0.508720949760576,-0.58549027752349,0.260915541117393,-1.36265582765603,-0.835519167669203,-0.571139537548559,1.15911112068803,-0.895035091058518,-0.588316152450624,0.340413423655807,1.77098762918346,1.88407370760096,-0.20966881468558,0.245913499239553
"Newfoundland",1991,1.1435284667599,0.505147220227062,-0.529865507675715,-0.104058074838401,1.05911814008991,-0.53958088794964,1.76365476235604,-0.90665506301634,-0.563013485678241,0.112531834657341,-1.26539343246172,-0.838251304011929,-0.358488856100361,1.14843378734438,-0.808320903838442,-0.78391091196453,0.771660358749784,1.388363508497,1.82377480864599
"Newfoundland",1992,1.91277056414935,-0.323205572554184,0.653456966041762,0.177310932858013,-0.51812005582543,-0.305897585159313,1.16020466036863,-0.942046414768478,1.80871482114024,-1.1338284841627,-0.448950852043843,0.110771076521808,-0.952013452293013,-0.9189462781247,-0.22622682757454,1.10642762785317,-0.591351601655775,-1.0264249002001,0.727703212035412
"Newfoundland",1993,0.932462587205505,-1.55839153824051,0.332645095389468,-0.538414230132595,0.693069685065186,0.000286429763733672,-0.41846391000912,-0.674049508326692,1.19946351296669,-1.17160810648027,1.97260673341326,-1.13686626985165,-0.254028527170455,0.0633441299339115,-0.870136203972661,-1.14378014510252,0.0993226204331406,0.760247846661343,-0.615285612383045
"Newfoundland",1994,0.473299110862319,-1.29302941701375,0.521976691184264,-1.60565717820825,0.364702688645952,-0.778561268424701,0.793824241304855,-0.322906025581041,-0.394381427165918,-0.885526298174215,1.35055524357107,-1.17468460137548,1.81618526434951,-1.2280292066876,-0.112898777328471,-0.0746213830382342,-0.664697536744864,-1.36655897551953,0.0652423569411059
"Newfoundland",1995,0.397524986797127,-1.13086664747458,1.01108331365416,-1.3763752235608,0.558493047188451,-1.93992844747338,0.465159453615288,-1.21611821152437,0.829560933004172,-0.510687036585269,-0.276775886105379,-0.888309672094517,1.2843872261609,-1.2671732617348,2.13305712754818,-1.48019666568184,0.233790168096469,-0.35603266924605,-0.687554069302423
"Nova Scotia",1978,-2.0038764419556,0.895817739267361,-0.465120354138052,0.945612906216308,-1.46993097719405,0.425470110294447,0.138771126774768,0.844243483794572,0.204047106692252,0.502519213052334,0.0415019526323353,0.711329501037706,0.648434203932236,0.0243120347016725,-0.395516494126975,0.15843738790325,-0.994365940524847,0.556808056777014,-1.58347995117575
"Nova Scotia",1979,-1.71432581849681,1.0337389338971,-1.63060711966439,0.82688123506103,-0.404084611260516,0.906519620073337,-1.4806985700878,0.342322188467578,0.0792182884805213,0.815324195351849,0.235925514513546,0.429959456554684,0.0259819085719843,0.683649228970739,0.654009483734305,-0.0733729596835562,-0.376202085646425,0.0972109870500698,-1.10749107475321
"Nova Scotia",1980,-1.78552818678273,0.809123733614502,-0.277293974569759,0.970609930333921,-1.52068556604803,0.783704792281833,-0.414893726853461,0.845364109715083,-1.60597075737784,0.264722848639274,0.109550199290759,0.773504372527799,0.218990372249582,0.386493596066742,0.0329597078439145,0.657454525103245,0.66041114791893,-0.138253664068455,-0.442130279753946
"Nova Scotia",1981,-1.60910846964158,1.44605709720446,0.440299116601414,0.736536771659904,-0.224136523505504,0.932376286474417,-1.53145118167039,0.716934487245835,-0.496914718650543,0.816553507888972,-1.59651655621686,0.168794396361447,0.0935348708591435,0.74931227182347,0.225533281763415,0.328079046709054,0.0470023996164954,0.604094727729338,0.673628591860197
"Nova Scotia",1982,-1.35378440175766,1.02572607738804,-0.16170851022004,1.40028973269189,0.463357452789287,0.690253402214105,-0.234952649424287,0.87240287990203,-1.65878294969819,0.675667827708204,-0.473720486352873,0.774854491919012,-1.60011439791177,0.110676499414811,0.10036045871574,0.730237248220676,0.23720666265601,0.269526910052248,0.0133859568224703
"Nova Scotia",1983,-0.980602437571162,1.09643619436998,1.10009947559773,0.962259673402434,-0.113399238733188,1.37683268482719,0.452514543830764,0.619210727326554,-0.309671491332947,0.846214698631408,-1.6499830357342,0.620123711086459,-0.485490520173649,0.750738136410188,-1.58947265242788,0.022355788929258,0.113573891680326,0.678024811889557,0.218112355283781
"Nova Scotia",1984,-0.727151772874161,1.08293987613407,0.223576370945691,1.03594720840161,1.09548278669792,0.923738866002888,-0.124219678698641,1.33717874183128,0.405693659188124,0.568466092459417,-0.284157513518692,0.807430543637766,-1.65319172542311,0.587326557922836,-0.477360263042763,0.731817715754763,-1.55546851649142,-0.0410158287915446,0.0850401962839291
"Nova Scotia",1985,-0.379001927014491,1.20587107217154,-0.850405235303783,1.02188259551711,0.255725043841196,0.999960499483219,1.08461525172299,0.863370577612361,-0.194444889906734,1.35606797220296,0.440070254488817,0.502387059779055,-0.297307268087991,0.785141789022838,-1.64243038525574,0.550687826634301,-0.457038897438218,0.679630194222106,-1.71143395021407
"Nova Scotia",1986,0.0319388463172615,0.563614376338119,-0.306190340657189,1.14999010257747,-0.7732088938349,0.985412207586395,0.244890223720178,0.943076878454851,1.06344550899609,0.836306376647646,-0.167503376389966,1.3673880569105,0.421649259111059,0.46298457546507,-0.28960102847125,0.769951670770383,-1.60777468882728,0.495644938201921,-0.529138999100003
"Nova Scotia",1987,0.271546039903099,0.65087396885991,-0.908197967478642,0.48068965770943,-0.251820844698582,1.11792530426336,-0.784003629272281,0.927863474100668,0.189643781513975,0.923743185952104,1.10597095393196,0.796548512225342,-0.181502189881433,1.37651436943251,0.427735534378892,0.412863752574966,-0.271589740974692,0.71836530034225,-1.76773370979093
"Nova Scotia",1988,0.37662166467253,0.915560589798088,-0.200236998336613,0.571623523362713,-0.828577536221058,0.425607761038153,-0.262635892105698,1.06643474667816,-0.881003390071252,0.907054272762957,0.221343747372455,0.89257790115846,1.08270324720683,0.773649247456867,-0.174056884119549,1.42544530781872,0.4369211388475,0.355648178557866,-0.329530760600225
"Nova Scotia",1989,0.377329594667033,0.401812857072134,1.89956560401662,0.847455405371597,-0.150311666990627,0.519668822774731,-0.839370114635103,0.342466132267888,-0.3384781416895,1.05906521552866,-0.862567610115294,0.874248937095611,0.204514737473762,0.87506613388568,1.08730002505318,0.757213021533739,-0.157467183150983,1.3841922669327,0.433075073668157
"Nova Scotia",1990,0.515793315373908,0.207666384189574,1.3601667703846,0.312075099811328,1.86141567303977,0.804986503884635,-0.161130668940523,0.440827436559201,-0.938616690784358,0.264880753177375,-0.313321047800874,1.04119828098245,-0.871507447528844,0.855708867455355,0.211090263719453,0.869626288475012,1.08837073975784,0.70542583655449,-0.206694921523439
"Nova Scotia",1991,0.708659262846571,-0.00237326855619725,-0.0509391068848922,0.109753626928528,1.34464167743563,0.251194584756708,1.85051829924204,0.739189146848398,-0.232853757048805,0.372781866581857,-0.920894678679657,0.168967818475362,-0.326258537639631,1.0320245020381,-0.862507410881765,0.848170161836644,0.222941342928046,0.819611208160943,1.13426298839815
"Nova Scotia",1992,0.322024799100565,-0.0335428063358726,1.03267462139372,-0.10913024603795,-0.00727600749305276,0.0419153199333567,1.3337644358557,0.16007921053955,1.86042950219406,0.700080909324552,-0.206388088766208,0.287472577144629,-0.929409986632123,0.11085965095859,-0.318487064559175,1.04360326172956,-0.837447423517248,0.797816842957439,0.202757875399183
"Nova Scotia",1993,0.244397808531476,-0.657133128655395,0.738894899504855,-0.141612251500262,1.0308860372474,-0.18449592235059,-0.0181005817532305,-0.058767792344609,1.32270536220507,0.0648045945020187,1.91282873573899,0.646935912129032,-0.220103882616953,0.236012833591101,-0.920279483057615,0.0225587991389621,-0.300120380430619,0.996330788354394,-0.938591796022624
"Nova Scotia",1994,0.412275125512024,-0.939563660656239,0.912273096029434,-0.7914603307052,0.749428771784435,-0.218094976995069,1.0200210187997,-0.295530004955326,-0.0840193968732802,-0.175267814526824,1.3684427624716,-0.0507702004495864,1.88368837146886,0.615642992904371,-0.212571598903449,0.161282029788462,-0.894508702429102,-0.0408096182892995,-0.360239720369422
"Nova Scotia",1995,0.283735362174039,-0.778403827465622,1.3601667703846,-1.0857832734457,0.915534698942908,-0.890291191885509,0.738574718205349,-0.330665126511167,0.996229991497464,-0.434992983249106,-0.0557098283082699,-0.314434976441888,1.34326467317159,-0.121206240087795,1.88648035681911,0.582074542165533,-0.195508035758886,0.10010047242478,-1.00000971556102
"Nova Scotia",1996,0.368105675388033,-0.0923074226481325,-2.36746445489385,-0.917837421344664,1.34464167743563,-1.19473583732884,0.904674174293818,-1.03359251448255,0.703362379539174,-0.473535769589647,1.03792270727354,-0.599683825769241,-0.0705223232668144,-0.399663293070955,1.34727434984451,-0.234669418732554,1.87771843137182,0.527526440038462,-0.247640201215701
"Nova Scotia",1997,0.419094760707181,-0.991616834559472,-0.628866428633488,-0.202851292051264,-2.22663575647154,-1.02101436349301,1.3337644358557,-1.35195562731,0.876202281678493,-1.24463827123993,0.741426775404693,-0.642014284182631,1.01515028491967,-0.700915341819595,-0.0633270791158359,-0.543318876736254,1.34514649486118,-0.302092831957211,1.98387754201258
"Nova Scotia",1998,0.632342675644446,-0.721943531492582,-0.200236998336613,-1.14002827030792,-0.560962431354629,-0.28144001498036,-2.23737387004638,-1.1702920309777,1.32270536220507,-1.59387860094581,0.916407981097783,-1.4888944783173,0.720812377811335,-0.745620648612502,1.01989927418136,-0.877234935146867,-0.0480997319032619,-0.615607900215965,1.41064362632092
"Nova Scotia",1999,0.784569598848187,-1.37160283782426,0.271736981091407,-0.858999730033248,-0.150311666990627,-1.25084630796706,-0.571765435381459,-0.396906145287516,-2.39335253379029,-1.39459592113034,1.3684427624716,-1.87245531178366,0.894519995121173,-1.64001301559076,0.726224573954118,-0.926787527058964,1.02179924769401,-0.954787876498452,-0.088977242408185
"Nova Scotia",2000,0.875821139504641,-1.57391543884212,0.801503692694286,-1.53601448995912,0.301865579162994,-0.960153256631214,-0.161130668940523,-1.41063133194782,-0.660152404004344,-0.546201333863244,-2.39365315992983,-1.65358874837787,1.34326467317159,-2.04509260547851,0.899540790481669,-1.9181566317488,0.731737746558748,-1.0051216251342,1.06260874893669
"Nova Scotia",2001,1.20874592744526,-1.35774477281485,-1.46204498415438,-1.74684594526681,0.809411467702773,-1.66045040855003,0.291028961522531,-1.1066485026035,-0.232853757048805,-1.65824511078246,-0.638980513951902,-0.721820830066254,-2.39144909898992,-1.81394706086353,1.34727434984451,-2.36715799309976,0.902921583294311,-2.0121188657473,0.750400991283188
"Nova Scotia",2002,1.41256842437248,-1.16380930994663,-0.180972754278326,-1.52157289809099,-1.35919369242174,-1.87853231226368,0.798555077348407,-1.83896153397385,0.237654865441564,-1.324779771151,-0.206388088766208,-1.94314723954887,-0.649547714299607,-0.829904548469371,-2.37902430549784,-2.11094991253195,1.34514649486118,-2.46819837213196,0.934654749898368
"Nova Scotia",2003,1.30780943508542,-1.6512820605075,-0.450672171094337,-1.31947132030213,-0.131855452861908,-1.6455121734434,-1.36996559936216,-2.06701361094998,0.765776788645039,-2.12811795393321,0.269949637842758,-1.57691163408801,-0.220103882616953,-2.11975053352792,-0.641047800874339,-1.02021012034783,-2.33530599495343,-2.20795137741118,1.41064362632092
"Rhode Island",1987,-0.689575636630576,0.331400347567335,-0.890447307469407,0.895534400760172,-0.271041834635701,1.63403807094732,-0.813303023471057,1.38437561942722,0.199219252491895,1.31891600225057,0.962178470592991,1.46032013302578,-0.266171050317181,1.19755141940117,0.287453240958166,0.12997429904995,-0.490266650065153,0.296890577439176,-1.64878227651515
"Rhode Island",1988,0.269536581152062,-0.140362927306787,-0.216884249846751,0.233216349544184,-0.850899060323327,0.745612543510495,-0.283964549884437,1.77063713657802,-0.850211298036275,1.25220024252431,0.119114253580976,1.27802693855443,0.954223215387095,1.33416109106396,-0.294772652186267,1.17934776382569,0.247609419224825,0.100083394255428,-0.347181712807338
"Rhode Island",1989,0.332499818000972,0.441549850198863,1.78089461493881,-0.245328858157563,-0.168986962914679,0.131391911186779,-0.869515958719194,0.827043350346261,-0.318437072880745,1.62041178931396,-0.913871023307373,1.21265162059059,0.106468420126873,1.15379919773871,0.925572819844465,1.31615604347892,-0.371414128837237,1.14952618302937,0.342990828091112
"Rhode Island",1990,-0.567848414666138,1.71878529068853,1.26770371389298,0.344949329668831,1.85355504028376,-0.312401428780935,-0.180907501929519,0.174681667642119,-0.906682897167836,0.720912066607052,-0.390430053404308,1.57346512324867,-0.932264103735927,1.0891164971097,0.07785191942617,1.13553193363014,0.926059227900844,1.28634350054875,-0.236012981387454
"Rhode Island",1991,1.24369496226966,-0.125621336650383,-0.0748403397358507,1.64054593861693,1.33400296606765,0.235010862199174,1.86149581208611,-0.296669756908603,-0.214905807806217,0.0990351941020228,-0.969457674978495,0.692037996860203,-0.405910851733702,1.44610736923439,-0.960839073943499,1.07075519499466,0.0247609419224825,1.1057074582604,0.977579003279621
"Rhode Island",1992,-0.432654613102104,-0.657871508156268,0.956123523972297,-0.230375346643966,-0.0251823709441483,1.43652147620635,1.33684174977017,0.284735009528,1.83689562730716,-0.350290015397338,-0.288521192007252,0.0826557693148545,-0.988160024302536,0.574018502698919,-0.434506866540931,1.42826507312274,-1.07957706782024,1.04092644032621,0.134549456678829
"Rhode Island",1993,1.58326199736495,-0.72017358477694,0.676617765366977,-0.770276993164746,1.01856063529358,-0.298533838609598,-0.0356907525384995,1.5608554208129,1.30982736874592,0.203945751964688,1.73112715204351,-0.35764167405853,-0.303434997361587,-0.0289076385515433,-1.01673275968536,0.554908332833163,-0.519979780372132,1.39845993637011,-0.898393339430933
"Rhode Island",1994,0.539740846779496,-1.19013190968748,0.84157198356028,-0.833474706476883,0.735590309158016,-0.799227923739501,1.01830178336406,-0.281941035691605,-0.0690208433830187,1.42043315665119,1.21231840311304,0.185458481989877,1.72745011655851,-0.464540360570505,-0.332035109347511,-0.0488943638458702,-1.13900332843419,0.525045500147552,-0.374973895662309
"Rhode Island",1995,0.522455495813228,0.194946525419351,1.26770371389298,-1.31018901677475,0.902589190156052,-0.857836230369113,0.732552695852702,-0.813726551687112,0.989821640333745,-0.33624956616608,-0.144922341856853,1.37750442745592,1.20575485793683,0.0728059330977357,1.69876880594027,-0.485160424181458,-0.411031635913209,-0.0787970851111522,-0.953977705140875
"Rhode Island",1996,1.14091233218064,0.766053899266894,-2.27881197726305,0.094800906589393,1.33400296606765,-1.29993163237626,0.901191501597112,-0.875974238464888,0.702757678081644,-0.843184786763241,0.897327376976682,-0.343883323158912,-0.159037202564516,1.25222277462289,1.17709440568286,0.052967082604796,1.74812249972726,-0.515091966175102,-0.273069225194082
"Rhode Island",1997,1.74430060371994,-1.76308633278671,-0.624687733713529,0.674118355389949,-2.25647297539013,0.00302817304168383,1.33684174977017,-1.34552228877712,0.872172475476327,-0.902523644026554,0.614761897648479,-0.84063328702928,0.889011308059386,-0.450927772209845,-0.187643087847692,1.23409860220452,1.19347740066366,0.0230710905383807,1.74649606226716
"Rhode Island",1998,0.200599222826742,0.146974726946437,-0.216884249846751,-1.89138006747452,-0.581845307604269,0.540275691911437,-2.28889257373465,0.0383469699656102,1.30982736874592,-1.35012975082396,0.781521852661844,-0.898779918006976,0.604873711845795,-0.942414929767914,0.860363519812288,-0.47152804535658,-0.257513795993818,1.20428063837313,1.22770864897436
"Rhode Island",1999,-0.377009965977593,-1.05077921583844,0.232157788568353,0.0461394793721674,-0.168986962914679,-1.83891669250907,-0.597820105019866,0.608955765884048,-2.33259077523974,-0.0309285938591981,1.21231840311304,-1.33739279859918,0.772561473545619,-0.999945527572373,0.576237283957805,-0.963729744392544,0.856728590517893,-0.501458686764268,-0.129476280443397
"Rhode Island",2000,-1.05658104913247,0.0586960765086066,0.736184566381225,-1.16883302877508,0.285621102024419,-0.042099469999698,-0.180907501929519,-1.91797652146939,-0.633736834698626,0.513015697839107,-2.37302062967432,-0.0446968081962181,1.20575485793683,-1.43391153387263,0.743918341183402,-1.02134398222248,0.554645099063607,-0.993692901764129,0.912730576618021
"Rhode Island",2001,0.323619196061826,0.0719049513991751,-1.41738439336468,-0.0434082394931331,0.795895460629529,-1.16884089104361,0.27816480259693,-0.00958294902713384,-0.214905807806217,-1.89583324218059,-0.700788858568072,0.488318646777161,-2.39953201860939,-0.15491098204639,1.17709440568286,-1.45594090370888,0.732923880905481,-1.05131094572168,0.630176717592481
"Rhode Island",2002,-0.454594362862362,-0.857647194885014,-0.198556003380828,-0.0300094776253296,-1.38436770795594,-0.12514424947326,0.793450042371517,-1.20629125012059,0.246278918434862,-0.0766187515016187,-0.288521192007252,-1.87213210768884,-0.717996408230597,0.372457452685394,-2.42804832466747,-0.175080895474722,1.19347740066366,-1.48593657766933,0.796929814722308
"Rhode Island",2003,-2.29779952153787,1.48374183086317,-0.455151453903745,-0.972924597569468,-0.150431531692675,-0.112718503305407,-1.40822325484717,-0.0977845320189197,0.763935243807502,-1.21740496766925,0.16543646330691,-0.0894689669177362,-0.303434997361587,-1.96298555938705,-0.746579945266348,0.35305424620953,-2.63951640893663,-0.204991952909332,1.22770864897436
"Rhode Island",2004,-1.40379871330882,0.124273910003924,-0.578867117548723,1.40212356177745,-0.410207568800732,-0.987159295212515,-0.162169856846807,-0.0845871885036938,-1.44786905551196,-0.160698681447168,0.674980770292194,-1.20733469934315,0.153048353932379,-0.199208803139981,-0.332035109347511,-1.9857841158242,-0.851776402133397,0.32317807858378,-2.35748293931692
"Rhode Island",2005,-0.0479526412132857,2.28054181118916,-0.49180794683559,0.0231123220300607,-0.535456729549259,1.21541328989978,-0.424496888004778,-1.01332783382447,-0.19608194142903,-0.148118048757946,-1.50216308682675,-0.171859577129183,0.665427625792953,-1.30523133222206,0.124429990877725,-0.219443118313232,-0.411031635913209,-2.01581479243253,-0.685319937542821
"Rhode Island",2006,0.3626672156137,0.0337445908731408,-1.04623740242975,2.21037810889876,-0.44731843124474,-0.0634543992777377,-0.550975992313086,1.32601715441843,-0.459616070709647,-1.03345871666214,-0.269992308116878,-0.159531712384501,-1.52382926306586,-0.280726527885838,0.636788776844826,-1.32707362221288,0.0742828257674474,-0.249357106417198,-0.273069225194082
"Rhode Island",2007,-0.935473353351998,-1.14693980083657,0.731602504764745,-0.0687184204924429,-1.00862022571036,1.96497253579368,-0.461972178170203,-0.0322639481090854,-0.586677168755659,1.19656886400216,-0.529396682582113,-1.02708426530498,-0.284803023839384,-0.268529270426741,-1.55238058137824,-0.301079356421277,0.619023548062062,-1.35706078290757,0.180869761437114
"s Gulf St Lawrence",1984,-2.39299893838128,0.658150508031041,0.238335098283921,0.142696133557378,1.08905174591858,0.569750007485843,-0.200290928399036,1.96802105165048,0.371719817806086,1.13973526954728,-0.373304866699915,0.972710602435686,-1.61537068635797,0.816314861673385,-0.47377005172889,-0.118900385109047,-1.53064209835324,-0.221945756122627,0.116305346161296
"s Gulf St Lawrence",1985,-1.14221576360007,1.49297831186421,-0.836281115714009,0.660135154384826,0.222886773927984,0.0648990776837342,1.07831755664984,0.404959139482603,-0.240332571556295,1.907126274931,0.361388695941194,1.06048367050208,-0.305358672312978,0.902034773743222,-1.5973537432117,0.795466612214598,-0.465780786611445,-0.130628174055664,-1.5220830084587
"s Gulf St Lawrence",1986,0.123528934278041,2.01763497947778,-0.291744648531202,1.49521666645295,-0.838403274170389,0.598850170605224,0.190123876196039,-0.0623975603975637,1.04252923654725,0.296851017781271,-0.254964963992622,1.84166625938576,0.389274032643262,0.991371014257561,-0.292696646903149,0.884447076559196,-1.58134977986475,0.787497122936008,-0.44382742464896
"s Gulf St Lawrence",1987,0.628467554955421,0.918874616677623,-0.89410799718475,2.02003277978274,-0.300619527824576,1.46058009065314,-0.898157391612734,0.431898093931551,0.151380957635629,-0.184622508137105,1.03691230722866,0.202451067429524,-0.193471525205933,1.78646587858812,0.399096617687505,0.977181424644974,-0.285999006706986,0.876843321444881,-1.57342851244964
"s Gulf St Lawrence",1988,1.04536142141724,1.53946899333081,-0.185728699168177,0.920938498357678,-0.895513052543395,2.00214368755221,-0.34669648012219,1.22962912273139,-0.940520504986858,0.324603681616871,0.139501378365021,-0.287675520994326,1.02796316404598,0.118057494679424,-0.181266859318077,1.80251953475058,0.400859588312612,0.969958833188846,-0.261784274135627
"s Gulf St Lawrence",1989,1.64884115273739,0.870766708718165,1.9153146609354,1.54172147666405,-0.195918267474064,0.867976048141858,-0.956719612301995,1.73097191617974,-0.387225145003266,1.14643071708942,-0.960073550956909,0.230702503309557,0.179485631817552,-0.380797880329051,1.03517498848562,0.0706494344211789,-0.175364065227319,1.79868930976689,0.433713916287108
"s Gulf St Lawrence",1990,1.93186270657658,0.988760778206563,1.37559710054182,0.87281597017072,1.87907034674518,1.50856892264848,-0.239332408858544,0.681036551549481,-0.999277534365647,1.66291690957845,-0.402889842376738,1.06729944890971,-0.860132443385411,0.146812067423138,0.190165765965496,-0.447181042036719,1.03240071259238,0.0597007473296165,-0.149757719973575
"s Gulf St Lawrence",1991,1.65736458055324,1.10261232398463,-0.0363425887020974,0.990845898631434,1.34604574859711,0.818317874936285,1.88842827618462,1.27405392385286,-0.279503924475487,0.581267535289938,-1.01924350231056,1.59306795302386,-0.333330459089739,0.998308176561785,-0.845202677012463,0.100497752892174,0.193419073038237,-0.460258154709543,1.07319882962882
"s Gulf St Lawrence",1992,0.754517704615803,0.44516388425896,1.04791143887429,1.10473204444869,-0.0483846733437972,0.940114273666058,1.34184754975151,0.635066387722048,1.8553348096205,1.19219739945358,-0.294411598228387,0.491979130581116,-0.916076016938934,1.53344022302137,-0.320554093799417,0.984382457732372,-0.834563924877001,0.0896717505931827,0.223664127233262
"s Gulf St Lawrence",1993,0.830163792730401,-0.237367449885943,0.753958124731358,0.447083802940595,1.02242367115008,1.05763465689981,-0.088046672077952,0.747817220903534,1.3069358687518,0.533908811491361,1.85542996762077,1.11388865201872,-0.230767240908281,0.412741835276883,-0.900917570804999,1.53986947154143,-0.313657742076903,0.9771894645014,-0.817249271855797
"s Gulf St Lawrence",1994,0.0946226269386787,-0.288723916634239,0.92743876914358,-0.235654955800491,0.732115631087293,0.379000106398367,1.0099949658457,0.856609609378103,-0.127714931913617,0.650065360046339,1.30317708832007,0.443769273801911,1.80184926486971,1.04572709840202,-0.218410121846434,0.376542765717191,-0.889881395616834,1.53495968260994,-0.289790912676139
"s Gulf St Lawrence",1995,0.162467391142479,-1.25211159239055,1.37559710054182,-0.287027030029122,0.903444966206313,-0.325525628492491,0.712303677341953,0.228375837339027,0.973979368938668,0.762143896387773,-0.1415558905648,0.562013392744376,1.27970924503683,0.363673397141269,1.80589768594904,1.03360506636765,-0.212242379053875,0.366851384290451,-0.873262548936823
"s Gulf St Lawrence",1996,-0.217498914995343,-0.683976001331058,-2.35423675432095,-1.25070748399153,1.34604574859711,-0.378537044477621,0.887990339409737,-0.423826234603884,0.675297802929827,0.114933897253894,0.96788069731607,0.676106209265878,-0.0862463425616808,0.484023355072096,1.28589201055203,0.325607897673766,1.79762572449341,1.02661439158675,-0.187099904694259
"s Gulf St Lawrence",1997,-0.59801525025821,-0.760875307336941,-0.614611403409504,-0.682399233759248,-2.33753495646181,-1.37296964601869,1.34184754975151,-0.472900602834712,0.851568891066192,-0.556968380535511,0.667100111268368,0.0172645247428773,0.962695661566869,0.600148079002371,-0.0744799795490497,0.450535640621207,1.28132933092163,0.315707159940183,1.848049162583
"s Gulf St Lawrence",1998,0.00617963000139884,-0.433858981655642,-0.185728699168177,-0.759321909838704,-0.619482457073863,-0.786526028290416,-2.43541568470584,-1.39347876061221,1.3069358687518,-0.607525073336475,0.844609965329307,-0.666713209108609,0.678315829336462,-0.0704270813064454,0.970174279060998,0.571077433160447,-0.0693389129759718,0.44114839024688,1.32525857649343
"s Gulf St Lawrence",1999,-0.314877924035223,-0.658052493147187,0.286524166176204,-0.432206202303553,-0.195918267474064,-0.865903395110163,-0.673668878970565,-0.850589092260594,-2.48289252618006,-1.55590991862108,1.30317708832007,-0.71817850892393,0.84614654999703,-0.766585945111774,0.686956902282274,-0.1250045821083,0.967863663395905,0.562185642683742,-0.0423989389016097
"s Gulf St Lawrence",2000,-0.124769629466314,0.111308929474855,0.816603912991327,-0.656467847294999,0.27047825590549,-0.528349050501843,-0.239332408858544,-0.924071266922719,-0.715285225701502,-0.996621899699062,-2.51328477399013,-1.68360776662943,1.27970924503683,-0.818967803280002,0.854101583659882,-0.847643435360264,0.686666520468418,-0.13675746098229,1.00785000636762
"s Gulf St Lawrence",2001,-0.183262845775589,-0.725507391116484,-1.44828227794601,0.113127388009951,0.79398455765805,-0.759767141569014,0.238925726770424,-0.611586382348583,-0.279503924475487,-1.07232365327571,-0.733255404101264,-1.11426819985321,-2.32865124916538,-1.80159063128366,1.28589201055203,-0.902017756920981,0.852618932687919,-0.862366558534659,0.723115847872407
"s Gulf St Lawrence",2002,-0.148007968931399,-0.756087576749651,-0.166453072011264,-0.723943245136276,-1.44281509528471,0.0343867595827168,0.775746083088653,-0.825817532474651,0.200345148784619,-0.750399950864503,-0.294411598228387,-1.19133046853653,-0.645682078096907,-1.22211155424633,-2.30771863906653,-1.92201688431316,1.28132933092163,-0.916964373501492,0.891155679115484
"s Gulf St Lawrence",2003,-0.532556654894261,-0.989987972339206,-0.436311852208053,-0.754532724236773,-0.176881674683062,-0.829395756676255,-1.51794089390742,-0.0906437920108738,0.738951251423514,-0.971102098151991,0.188809671159726,-0.863621139774124,-0.230767240908281,-1.30054624408154,-0.631628917474409,-1.32049599951859,-2.28664753179763,-1.94115597764872,1.32525857649343
"s Gulf St Lawrence",2004,-0.8901630690713,-1.44767642495242,-0.56642233551722,-0.988504203295577,-0.443393973757093,-0.860961381107691,-0.21981166862879,-0.890274974964659,-1.56236573257904,-0.213721936330291,0.731200891901485,-1.08828975535689,0.226105276445487,-0.967000658196759,-0.218410121846434,-1.40191413159245,-0.622513620374306,-1.33716267669275,-2.28759779523272
"s Gulf St Lawrence",2005,-1.34428375139972,-0.810426090358844,-0.474863106521881,-1.44633174965836,-0.571890975096358,-1.10239915817392,-0.493102031845343,-0.919496286035069,-0.259918248015891,-1.03750652140152,-1.58628886944967,-0.317297925337757,0.738921367352778,-1.19567045315645,0.236594844125942,-1.05568137895104,-0.212242379053875,-1.41891545966679,-0.602531709711866
"s Gulf St Lawrence",2006,-0.393869220479667,-1.28475566417817,-1.05795082801852,-0.808887751584866,-0.481467159339097,-1.57483650617109,-0.624867028396181,-1.14300298089311,-0.534117718450237,-1.06761048198802,-0.274688281110504,-1.1558876017005,-1.45220193016019,-0.410947837455261,0.747314703890854,-1.2930491508699,0.239516965321432,-1.07125959525175,-0.187099904694259
"s Gulf St Lawrence",2007,-0.60085756465839,0.183686828051711,0.811785006202098,-1.28336147647152,-1.05732409126691,-0.917050939664524,-0.53214351230485,-1.58035338836218,-0.666321034552512,-1.29786834812592,-0.550814720760854,-1.18653259193576,-0.212119383057107,-1.26447216639537,-1.43485196965013,-0.478477821516313,0.746593780436571,-1.30960301395249,0.270341858134117
"s New England",1982,-1.68206406239476,2.29968101554645,-0.187324466766647,0.904498987496503,0.442415577347087,0.442648467690047,-0.33269531230689,0.833987841088622,-1.62226083375601,0.325992138422827,-0.465120354138052,1.10129248368042,-1.46993097719405,1.62795078050555,0.138771126774768,1.29160518278331,0.204047106692252,-0.845556977115447,0.0415019526323353
"s New England",1983,-1.64713170646534,0.109246252625334,1.09514213385084,2.22615905064856,-0.174952660685559,0.885892070743043,0.421024944931059,0.468306554728244,-0.272193895446248,0.841483467704774,-1.63060711966439,0.322142237566599,-0.404084611260516,0.978591303804819,-1.4806985700878,1.55122134420364,0.0792182884805213,1.29610624013378,0.235925514513546
"s New England",1984,-0.975194930306263,0.702867677948548,0.204268388383731,0.0732045150197785,1.11905116623087,2.20228103885231,-0.2112907071142,0.919874004094329,0.443677897465337,0.474963014637376,-0.277293974569759,0.836015629786715,-1.52068556604803,0.243420238549491,-0.414893726853461,0.920606165604041,-1.60597075737784,1.55924606589071,0.109550199290759
"s New England",1985,-0.383869225056741,-0.355315457191894,-0.887296695347948,0.65666856596082,0.220163011655335,0.0579129985686595,1.11404289957266,2.2609839594515,-0.156885687192033,0.927566722580577,0.440299116601414,0.470645549172261,-0.224136523505504,0.728288017324012,-1.53145118167039,0.206656420891358,-0.496914718650543,0.92007180451754,-1.59651655621686
"s New England",1986,-0.354867348346371,-1.23524703676523,-0.334171787448039,-0.383408143417327,-0.881221924994906,0.639050055941307,0.193391310194765,0.0763459866001208,1.10189558624981,2.27175426179825,-0.16170851022004,0.921828701090934,0.463357452789287,0.383541272113445,-0.234952649424287,0.677528090405783,-1.65878294969819,0.196431910933502,-0.473720486352873
"s New England",1987,-0.0725339246519468,-0.594835236574576,-0.946035623620505,-1.24828333502496,-0.323121037813394,-0.396878579858947,-0.934659813053976,0.668396445811151,0.227475006988684,0.08210297401365,1.10009947559773,2.26179733163989,-0.113399238733188,0.809257364838454,0.452514543830764,0.342732744987598,-0.309671491332947,0.673694529685866,-1.6499830357342
"s New England",1988,0.163475106295754,-1.13596350256195,-0.226483752281685,-0.618829532871107,-0.94048927584604,-1.25830444326017,-0.363046463605062,-0.386986302121426,-0.843930428040063,0.675512072708781,0.223576370945691,0.0790185512472795,1.09548278669792,2.07359138827337,-0.124219678698641,0.75616019076927,0.405693659188124,0.33435514351052,-0.284157513518692
"s New England",1989,0.458136389504689,0.113835225531855,1.90769730828788,-1.15069862768989,-0.214464227919648,-0.631361052753536,-0.995362115650321,-1.26458922131699,-0.301020947509801,-0.382292571279904,-0.850405235303783,0.670565157754726,0.255725043841196,0.0140196828137175,1.08461525172299,1.98399816743041,-0.194444889906734,0.753393871496293,0.440070254488817
"s New England",1990,0.716222644720527,1.11192806629001,1.35946731107735,0.077714966643453,1.93891618633822,-1.16110892697462,-0.251758908845097,-0.625872213788834,-0.901584532167171,-1.26190941675292,-0.306190340657189,-0.383919427795594,-0.7732088938349,0.572176406787493,0.244890223720178,-0.0161222981644874,1.06344550899609,1.99789679253463,-0.167503376389966
"s New England",1991,0.488836402277997,-1.00510379995567,-0.0747415209109135,1.05872957838347,1.38575424506097,0.0624054614372394,1.95375808548877,-1.16556843212437,-0.195321756610104,-0.62172667918082,-0.908197967478642,-1.26077548057693,-0.251820844698582,-0.422787735136296,-0.784003629272281,0.525922770560225,0.189643781513975,-0.0293704928690755,1.10597095393196
"s New England",1992,0.256097588901857,-1.04096694999401,1.02661338419952,-1.02207804741682,-0.0613569048875522,1.03950755330848,1.38720326125621,0.0809228151994812,1.8994440266748,-1.16266139430366,-0.200236998336613,-0.622602040385078,-0.828577536221058,-1.25014959713161,-0.262635892105698,-0.440320908899676,-0.881003390071252,0.520031532630011,0.221343747372455
"s New England",1993,0.568353583279768,-1.93122099224238,0.728023832147362,-1.05732754803833,1.04990592357121,-1.03300131620255,-0.0949446271378727,1.07637429234987,1.3613390548218,0.0866903055354392,1.89956560401662,-1.16183896104676,-0.150311666990627,-0.647997893806645,-0.839370114635103,-1.24380028679305,-0.3384781416895,-0.459326578439836,-0.862567610115294
"s New England",1994,1.03930669727858,1.12064833547507,0.904240616965032,-1.93234857608504,0.748630223411279,-1.06811023342204,1.04322354654359,-1.03505503803979,-0.0463819876150768,1.08442614825015,1.3601667703846,0.0835914848281871,1.86141567303977,-1.15679755518792,-0.161130668940523,-0.659030190165466,-0.938616690784358,-1.27371125442248,-0.313321047800874
"s New England",1995,1.30279277153018,-1.23524703676523,1.35946731107735,1.06730063624453,0.926432275964682,-1.93964146925072,0.734653508345507,-1.07082327945289,1.03463246476819,-1.03184849762153,-0.0509391068848922,1.07819580290582,1.34464167743563,0.0183344968932687,1.85051829924204,-1.15314292871143,-0.232853757048805,-0.68100431163198,-0.920894678679657
"s New England",1996,1.43261940006443,-0.555130624167954,-2.42919356250256,-1.24828333502496,1.38575424506097,1.04804442774987,0.916760416134542,-1.95872134384745,0.741557435455392,-1.06769882012131,1.03267462139372,-1.03143663777622,-0.00727600749305276,0.956798316516909,1.3337644358557,-0.0119320347602709,1.86042950219406,-1.18182344097253,-0.206388088766208
"s New England",1997,1.44227887436075,-0.14447657751085,-0.662130803636481,-0.579804300614373,-2.43698988483717,-1.25830444326017,1.38720326125621,1.08507148412094,0.914519747836714,-1.95763443612887,0.738894899504855,-1.06717443934275,1.0308860372474,-1.03375579862205,-0.0181005817532305,0.89944225090981,1.32270536220507,-0.0251233567276702,1.91282873573899
"s New England",1998,1.37817344191104,0.156959682145356,-0.226483752281685,-0.17617689874385,-0.654030413398892,-0.592491462415648,-2.52809525620803,-1.26458922131699,1.3613390548218,1.09314329836761,0.912273096029434,-1.95431687584566,0.749428771784435,-1.06747637790518,1.0200210187997,-1.03365287416379,-0.0840193968732802,0.898620640635805,1.3684427624716
"s New England",1999,1.19257933062876,0.874853568621169,0.253217495277528,0.120101526624244,-0.214464227919648,-0.190473822734699,-0.701967653101321,-0.586272676094691,-2.35735066137663,-1.26190941675292,1.3601667703846,1.08688559310576,0.915534698942908,-1.90454400809594,0.738574718205349,-1.06640008105012,0.996229991497464,-1.06071159661996,-0.0557098283082699
"s New England",2000,0.66002731556244,-1.13866173921047,0.791657671109298,0.825711629765186,0.269552470697946,0.104622973723828,-0.251758908845097,-0.176705388714812,-0.622923028886151,-0.582036268327767,-2.36746445489385,-1.26077548057693,1.34464167743563,0.964997611004723,0.904674174293818,-1.87930506211651,0.703362379539174,-1.09390326799724,1.03792270727354
"s New England",2001,-0.0216975385283097,0.69466810392585,-1.50895035289917,-1.15335069518306,0.812836520166675,0.80741893575504,0.243976562358386,0.123933146788083,-0.195321756610104,-0.171529104490783,-0.628866428633488,-0.583036203085586,-2.22663575647154,-1.25014959713161,1.3337644358557,0.907404865984121,0.876202281678493,-1.91784147702279,0.741426775404693
"s New England",2002,-0.646429683304049,0.15170899549568,-0.206904109524166,0.64860929371897,-1.50846805483607,-1.16375041739112,0.800414336158214,0.83992719117652,0.275520093761273,0.129799337384824,-0.200236998336613,-0.173817469755171,-0.560962431354629,-0.610665352489655,-2.23737387004638,-1.24380028679305,1.32270536220507,0.906691329038872,0.916407981097783
"s New England",2003,-1.3139029840572,1.06135294997759,-0.481019108129431,0.11494068375006,-0.194708444302604,0.631022925996215,-1.57709251553196,-1.16825952813047,0.804016048259758,0.847436447434224,0.271736981091407,0.126565213334204,-0.150311666990627,-0.22454499431036,-0.571765435381459,-0.622775283515292,-2.39335253379029,-1.27371125442248,1.3684427624716
"s New England",2004,-1.11191999997912,0.498401107741778,-0.613181696742684,1.00901984591484,-0.471289414941229,0.0994827135199156,-0.231524807979649,0.660218571229165,-1.45410303005195,-1.16535866584637,0.801503692694286,0.841949925309496,0.301865579162994,0.0588825707998593,-0.161130668940523,-0.247800608669056,-0.660152404004344,-0.644257331911736,-2.39365315992983
"s New England",2005,-0.850125526150458,1.32107594840185,-0.520178393644469,0.455700595052581,-0.604640954356281,0.989996075089724,-0.514802220095925,0.11869635561192,-0.176103721901069,0.667315431511331,-1.46204498415438,-1.16452776684942,0.809411467702773,0.733887351191623,0.291028961522531,0.0274455854731195,-0.232853757048805,-0.26419327864754,-0.638980513951902
"s New England",2006,-0.999435189477024,0.103880326963893,-1.11246258705942,1.26429875991405,-0.510800982175319,0.438883593155124,-0.651382400937701,1.02593301856815,-0.44515620782757,0.12455052880178,-0.180972754278326,0.662394242789363,-1.35919369242174,-1.15933459119101,0.798555077348407,0.682965794872502,0.237654865441564,0.0147887198944046,-0.206388088766208
"s New England",2007,-1.0397274275992,0.0510616962497871,0.786762760419918,0.0679304049726756,-1.10841343659092,1.24425687599342,-0.555270421826821,0.464470978130616,-0.574877942113562,1.03386912165527,-0.450672171094337,0.121332878824447,-0.131855452861908,0.564466699591534,-1.36996559936216,-1.15560673107299,0.765776788645039,0.679206037898845,0.269949637842758
