"region","year","prey","environment.lag00","predator.lag00","environment.lag01","predator.lag01","environment.lag02","predator.lag02","environment.lag03","predator.lag03","environment.lag04","predator.lag04","environment.lag05","predator.lag05","environment.lag06","predator.lag06","environment.lag07","predator.lag07","environment.lag08","predator.lag08"
"Connecticut",1999,2.09709897020374,-1.00599509869663,-0.861395375549496,0.896956828854633,-0.92493498447577,-1.16637430263882,-1.07395153332631,-1.28210761838238,-0.842730834267042,-0.149703835250097,-1.16645382819125,-1.98331113748397,-0.916920727639682,-0.627909561033476,-0.559212638902705,0.0486320686717157,-0.0712630030295949,1.13639027774215,0.173599927122766
"Connecticut",2000,1.01338453458407,-0.438941494003328,-0.0651393794151429,-1.06111871814887,-0.660405415926593,1.42201798540898,-0.865917875380651,-0.91781500384595,-0.918652531047857,-1.31372753382737,-0.662932037703964,0.104567032737459,-0.945303484471177,-1.91535002790067,-1.15213124508174,-0.544844023593264,-0.446697360453802,-0.0312908001258752,0.30379987246484
"Connecticut",2001,0.463503764684251,0.534500527386829,-0.35389155383749,-0.527098114420638,0.0918505446351308,-0.837689567648627,-0.609876450216763,1.37722846773356,-0.721256119417739,-0.9471058964802,-0.731907625441949,-0.68695693030171,-0.427318172296395,0.354610795259912,-1.20728646426118,-1.95434974272258,-1.11935058417217,-0.580787777946125,-0.321159865177117
"Connecticut",2002,-0.261468741934636,1.16771038596101,2.08737682991509,0.389637255312814,-0.180945572931208,-0.221405689542006,0.118241352593045,-0.626380912216806,-0.478306689719132,1.362610418807,-0.552571097323188,-0.437658044305122,-0.498275064375133,-0.50594151680395,-0.200703714236314,0.530831393637008,-1.18192297707621,-1.88584310026921,-1.44087939511896
"Connecticut",2003,-0.414451135116881,-0.835879017288637,0.941118198117281,0.985960262809332,2.12542160285693,0.836548301207689,-0.145801367107214,-0.0799419904121605,0.212580750986281,-0.653808586602461,-0.331849216561637,1.13292493747339,-0.313787144970416,-0.23490141851612,-0.338591762184926,-0.411311902833642,-0.0399768065775776,0.415175494353074,-1.54503935139262
"Connecticut",2004,-0.611652215372781,-0.703566509526867,-0.747644518958874,-0.900912537030398,1.04250368160874,1.52473196509341,2.08655980854044,0.858111492019143,-0.0379608483904072,-0.103876130581699,0.295828631854023,-0.238218935507851,-0.0867250903184566,1.47265120069721,0.0199171624814663,-0.114573856701155,-0.196407788837664,-0.457150957936567,0.35587985060167
"Connecticut",2005,-0.719346114536039,-0.599606681999763,-0.240140697246869,-0.776307729493811,-0.552940278703489,-0.652804404216642,1.03839022427577,1.46830162136766,2.08025449179432,0.840174585587271,0.0682091923186737,0.135729393487033,0.558982627598052,-0.0180693398858558,0.461158915917025,1.75487583393353,0.210312765038561,-0.182402469026445,0.0954799599175211
"Connecticut",2006,-0.803860863217139,1.89542917865074,-1.08014702283915,-0.678403952143637,-0.073480435708105,-0.50900483265843,-0.505859621243933,-0.462449235675413,1.08568026396565,1.45426582814379,1.99262809020845,0.777674024928247,0.324824883738219,0.388490807545891,1.7159401522494,0.122816580204836,0.710891908270837,1.54851301110734,0.772519675696309
"Connecticut",2007,-0.763208199294585,-0.0136512904833593,0.319863519814654,1.67128670426056,-0.867069141355638,-0.39601945500555,-0.0417845381343847,-0.334946820587662,-0.379608483904073,-0.488828849796233,1.08904789084085,1.19524965897253,2.30452217273499,1.08641906063705,1.26090959401898,0.56792364940357,2.13441384683762,0.0373963221016542,1.60579932588558
"Georges Bank",1982,-0.653831588099926,1.83051878997121,-1.03065552100991,1.14477302510019,0.0212057814881635,0.917187748223802,0.562700155458834,0.0226458368840484,0.57863142523747,-1.32299689405516,0.819765967863236,0.513878590891551,1.19395363135406,1.60062785292588,-0.418845329726219,0.804227827240496,2.14157943654877,1.95670137756223,-0.392801015940915
"Georges Bank",1983,-0.663445680248848,-0.0139931135831449,-1.15929732746847,1.73359439210159,-1.02717610678722,1.11697087654408,-0.0275777479441872,0.903769975691762,0.511061744059906,0.0518447767566799,0.518918681951206,-1.35088622787132,0.725869085826173,0.483388627223353,1.26681977159847,1.54066426751968,-0.461634147479222,0.671623232022083,2.15956090336612
"Georges Bank",1984,-0.610530793600274,1.41687035054116,-1.20779729000246,-0.0599415689149168,-1.15585211824691,1.69911294491834,-1.07849828113243,1.10415667603469,-0.083000610510448,0.906576834620072,0.451842979175994,0.0190091458262115,0.429389195338795,-1.33401462228612,0.791668909758086,0.437792568730992,1.05473788823532,1.34815225317244,-0.437223638675882
"Georges Bank",1985,-0.749546379532774,0.229620923186077,-1.41704492427028,1.3313777677976,-1.20436497659851,-0.0740780304140529,-1.20748588010194,1.68805747483144,-1.1406589148666,1.10096140452225,-0.137876392451513,0.870666115989636,0.363287229509614,0.00108794860943233,0.490713287895907,-1.35623915076064,0.627306912133242,0.334996643228582,1.07540347977801
"Georges Bank",1986,-0.856310648567571,0.0943902303715726,-0.218956654515358,0.176939816730812,-1.41366824842121,1.30145886724918,-1.25611621179263,-0.0904905517821196,-1.27047349256371,1.66737277536377,-1.18780252536162,1.0643513443912,-0.217871195065746,0.831114410642994,0.423613430972286,-0.0383057963397499,0.356576570368287,-1.31309470140971,0.649028111140615
"Georges Bank",1987,-0.753097463335836,-0.802510488534671,0.0315309591496777,0.0454464335064394,-0.215261414960218,0.160116289845452,-1.46592630912634,1.28920203006992,-1.31941560810143,-0.0579028672412668,-1.31666807389986,1.62872492499942,-1.25255556644493,1.01988039332199,-0.166318300252392,0.781046651339399,0.296215620521568,-0.102372209364433,0.37896638018223
"Georges Bank",1988,-0.489532285489624,1.33732344569286,-0.757086983512809,-0.826667045251872,0.0352928016960561,0.030114502584251,-0.264617547040551,0.144411301394506,-1.53057086178131,1.28046414345142,-1.36525239067903,-0.0903436567392024,-1.3795503757961,1.56991993129179,-1.21662251450317,0.967385132124289,-0.234468665168857,0.650327791731896,0.318754501116049
"Georges Bank",1989,-0.638760040843141,-2.61023197842708,1.31407339363973,1.25402926483698,-0.753534829234675,-0.832106151817082,-0.0134566161758144,0.0140167610397632,-0.321560143852703,0.169963032146375,-1.57486396185157,1.2432082824995,-1.42742939479547,-0.105487495503246,-1.34553446788632,1.51035124509822,-1.17928975580627,0.821508063528678,-0.210619176956568
"Georges Bank",1990,-0.467313714831308,-1.06800093837035,0.88868205089649,-2.58442935265507,1.31817625569314,1.22498776748516,-0.804194384313975,-0.850808779313262,-0.0687889438714714,0.043474165364935,-0.374691900143618,0.136702444656774,-1.63399803801166,1.19419469679055,-1.39413628001401,-0.143510696412785,-1.29525495021287,1.32030512575554,-1.15310688454073
"Georges Bank",1991,-0.523166656079047,-0.663304001657905,-0.666455464705157,-1.08482025541505,0.892671804219847,-2.56992927218557,1.27253332562949,1.21249990070522,-0.864596372338153,-0.795447481701727,-0.123768622356944,0.010668649561067,-0.451248855673255,0.11579205584482,-1.60382333290033,1.13945778010052,-1.33897563277168,-0.199018931571238,-1.2687856848119
"Georges Bank",1992,-0.702029140264854,-0.399800255637847,0.921661297601743,-0.691307745190356,-0.662879212108688,-1.08733099952797,0.845998519928208,-2.59388209985924,1.22544587057498,1.20605945291246,-0.913758179919952,-0.82523479125675,-0.20396822725276,-0.00704071451327259,-0.403219085871996,0.0749232334816703,-1.52760360104268,0.979582995369335,-1.31239839232573
"Georges Bank",1993,-0.68469237534001,-0.0080270360587487,-0.433753899952887,-0.435086333206605,0.925659819887555,-0.698282300769035,-0.713319245634045,-1.10680469602711,0.796176420506975,-2.48631098283453,1.16100449218556,1.16907127929787,-0.982489518553155,-0.821713757640667,-0.152205449910305,-0.0463299260881316,-0.447577263235027,0.00164589799843587,-1.50056051440755
"Georges Bank",1994,-0.334316281449259,0.393680895813976,0.0211959455614932,-0.054140373180914,-0.430115773557343,-0.444967337873607,0.879066415703629,-0.716580628196762,-0.773138605505151,-1.04377561965687,0.734873281538358,-2.51001503681627,1.06215385573678,1.12194063602544,-0.942479484925278,-0.850526397498535,-0.221773182782618,-0.109743594520494,-0.423201470099872
"Georges Bank",1995,-0.495423346619756,0.386728029067043,0.502783924690489,0.33646573798104,0.0249550400964654,-0.0683426405778544,-0.479992173042674,-0.462500366320347,0.829456324619566,-0.665239831299311,-0.822969028962525,-1.07266951378942,0.642208785323616,-2.46370370842739,1.13303031502862,1.06813289559309,-0.932679190331964,-0.848520523334054,-0.197955048044279
"Georges Bank",1996,-0.592267008903683,-1.02922143446177,0.288860060682948,0.329705024472632,0.506671070267529,0.317832627873138,-0.0238194105484707,-0.0847378345525961,-0.53831560208671,-0.418769969073132,0.767909887864464,-0.695495591686979,-0.893018352304473,-1.06286409694763,0.706745653339129,-2.47140060667196,0.934385043262416,0.91406022699413,-0.907105362323327
"Georges Bank",1997,-0.111741824639234,0.156010265474558,0.722575820180759,-1.04711248314402,0.292690325326707,0.311148604558031,0.459063089554128,0.302604121945759,-0.0792181772706173,-0.0523224596467702,-0.589862734725516,-0.449912459325172,0.674765799743559,-0.695269693212592,-0.851657640540344,-1.08857558003391,0.550912584983487,-2.33754032485859,0.955347864927983
"Georges Bank",1998,-0.11771512139428,-1.66659658784122,3.1737753897798,0.105363503525525,0.726521406961639,-1.05005096559267,0.24456419265392,0.295899905286471,0.406760229405246,0.323417544505949,-0.134121611263553,-0.0847833258957727,-0.663296058557354,-0.455923917118873,0.739794156239689,-0.725708384552516,-0.850978676422586,-1.06720494963056,0.572822451697479
"Georges Bank",1999,-0.471776866474314,1.21104067594945,-0.3819332684403,-1.66687278723401,3.17837273423073,0.0893519029684544,0.679445791357825,-1.0694120340352,0.190886114838773,0.316914137495321,0.348303976563332,0.289604870454108,-0.214170921978569,-0.100068386754776,-0.61846740407399,-0.489440558821287,0.580641993026199,-0.733856170103122,-0.825606620576411
"Georges Bank",2000,-0.460293782850097,0.482516983367758,0.48768170413029,1.13123651497446,-0.378281363283339,-1.66278101504135,3.13723424895002,0.0734331256731849,0.628555871737959,-1.00750297029264,0.134008042452415,0.283124860889174,0.261251301006173,0.264811043497275,-0.162562166957212,-0.13816127658053,-0.641207973273213,-0.516808191311262,0.602478438329939
"Georges Bank",2001,0.23631671982215,-0.0989047153413795,0.205861531664457,0.422846702699506,0.491564834127282,1.10358791790029,-0.428032246329074,-1.68399322436045,3.10210195864979,0.101110847163944,0.568478148213653,-1.03652736330712,0.0500662976763682,0.258495614161807,0.320037143674834,0.222025859564899,-0.231089764172003,-0.194104674800531,-0.616353978897772
"Georges Bank",2002,1.11648461326615,1.36516474306821,1.18835195633769,-0.142506507079556,0.209669727551122,0.403233729612118,0.443920273833521,1.09073328565131,-0.486022544479725,-1.60367577091713,3.02394100130136,0.0680979706443567,0.478229207591389,-1.02763989008257,0.10566404099793,0.215791645692388,0.203041605411707,0.136782062084782,-0.207248620682755
"Georges Bank",2003,2.02685540895092,-0.276500524656631,-0.711971374020022,1.28110112484928,1.19242138989671,-0.155706392718782,0.161342561437598,0.388263232036827,0.39152032848748,1.08794008144125,-0.537951973447308,-1.63055530036953,2.89804614418871,0.0489300082844347,0.540290600660941,-1.05380435112424,0.0101982121106516,0.131054987244199,0.225810593769461
"Georges Bank",2004,2.27490048158628,-0.536024896967916,-0.466614876256163,-0.315194181211091,-0.708407223801251,1.25175253769477,1.14647394584451,-0.172365524479608,0.107130924433485,0.406510929669538,0.333175489252619,1.05137686840114,-0.612138885002596,-1.60658061882972,2.99663767279832,0.00892102170733556,0.401174783040361,-1.03526228062096,0.0334434573072072
"Georges Bank",2005,2.08332885536846,-0.333178261138405,-0.750318277430407,-0.567546195640263,-0.46298548737576,-0.326435183206837,-0.758957502893199,1.23934553092852,1.09857828576618,-0.137325460289197,0.0508651570694994,0.372399308778961,0.246342433713179,1.0072354449683,-0.566537949585275,-1.62529998994756,2.61082841309493,-0.0589871848899137,0.423454450611835
"Georges Bank",2006,1.65208523832461,0.616422013756344,-0.660159840230665,-0.370305540684128,-0.746764323398324,-0.57592464108152,-0.512941480502211,-0.343610109881206,-0.819069463512129,1.23210098299294,1.03506439209715,-0.169480509435248,-0.0318696037176016,0.345502656583758,0.304903208553474,0.954902795887703,-0.594493846870099,-1.56026805705736,2.62765099637287
"Georges Bank",2007,0.985819681245267,-0.0139931135831449,0.115011667499308,0.553051060231785,-0.656581913669501,-0.380921386650733,-0.797407483774137,-0.593853309365528,-0.571476157577656,-0.303440801399166,-0.868564102465838,1.19501911921182,0.938042026145273,-0.182614418854986,0.0224912156291538,0.30167979075115,0.189427586832148,0.810041136779907,-0.569755220316119
"Gulf of Maine",1982,-1.3421144090522,0.63970956610551,0.632023073220701,0.204169537205497,0.763915295263462,0.994671003821381,1.8043724522058,0.168405384126679,-1.03311772717945,-0.670452776587786,1.44871264644523,-0.364955378819959,-1.31489621046765,1.26893036570506,-1.61199140916357,-0.175657001815548,-1.08369254757402,0.39991683128083,-1.29791914292097
"Gulf of Maine",1983,-1.46469409042657,0.416992452539832,0.676043006367935,0.614459356923512,0.565101587549637,0.19808639955985,0.618583877471506,0.970421120435328,1.99908971897701,0.137001136767341,-1.18557772214489,-0.682726105320799,1.43827184083513,-0.366321894909608,-1.17314869813655,1.28655758678566,-1.56288243530867,-0.112095560972687,-0.97588918379998
"Gulf of Maine",1984,-1.09974690721144,0.721117350029234,0.527390023403442,0.390805076221975,0.61222381263662,0.606353966931494,0.431605999598822,0.144535868165113,0.634167297239239,0.976086573255608,1.91446029600477,0.128427862693862,-1.10603518588606,-0.683036752622027,1.42773927561724,-0.349696379326703,-1.13183965267204,1.52809666327279,-1.44510432346963
"Gulf of Maine",1985,-1.14479705432336,1.10818540137938,0.471896566663315,0.696209695123712,0.45309455408743,0.383802042106677,0.475922932011176,0.567820678176047,0.418943181140331,0.112028355919478,0.519004518539583,0.971358301265435,1.8881102609207,0.125421963482987,-0.975839955300053,-0.666605246869783,1.42282050542713,-0.307318639672372,-1.02303406565476
"Gulf of Maine",1986,-1.29492235806906,1.17617851255203,-0.926547685437773,1.08490648281684,0.393690212181306,0.687701370900093,0.326266998257307,0.337082660401327,0.469954951704753,0.554877671073304,0.29896583247442,0.103340647260185,0.540321124834086,0.96555156526667,1.85269674829289,0.142348706306649,-0.938037847574863,-0.662800977484257,1.4784486525172
"Gulf of Maine",1987,-1.32520444728275,-0.983825257108328,-1.35829043577591,1.15318570091784,-1.1033089904003,1.07448233481899,0.270399131228649,0.652160271094009,0.297690904066641,0.313474788818099,0.351118737884401,0.548219262965913,0.327798624740172,0.100418106287046,0.579454981033197,0.982992945777218,1.84022484397853,0.244617122510162,-0.833266411172754
"Gulf of Maine",1988,-0.885792868103627,-0.864018479309472,0.638696915629316,-1.01590710781028,-1.56547868504885,1.14242501566663,-1.1374803218255,1.05316813924834,0.233383230686362,0.643115496009917,0.175001138306771,0.305710182766107,0.378170066431148,0.543818507022715,0.378687282023762,0.117329532512884,0.589613496135054,1.18758278273887,1.88716436214537
"Gulf of Maine",1989,-0.624809267271874,0.0913631600261329,1.15637681479072,-0.895596197333834,0.572245767053998,-1.01597668445694,-1.57213600888125,1.12360994519284,-1.38718073284154,1.06265821425405,0.109254900334064,0.636861426490652,0.208068375487163,0.302115220898126,0.426272636231511,0.561001546766413,0.39241421386362,0.21655266833669,0.662585560983844
"Gulf of Maine",1990,-0.593507927250508,0.0713959781200561,0.00175636685095008,0.0638055743582568,1.12640900600528,-0.896258767053474,0.438324869933406,-1.11418391006194,-1.88749866947807,1.1363558872698,-1.54756112791883,1.05832664577644,0.144567928744852,0.632166135884572,0.26557941516858,0.319150200604635,0.439153792703736,0.714227492242061,0.46949115072579
"Gulf of Maine",1991,-0.476966199030327,0.98837862358053,0.185881279329725,0.0437543729245447,-0.10958298098549,0.0584142680463944,0.959497517461869,-0.990062427061796,0.426677052897762,-1.2048702867321,-2.05907119188277,1.13236202898708,-1.45565379052001,1.05223093677641,0.205591232397856,0.649403294682357,0.281316710265462,0.442938516950597,0.515257805187642
"Gulf of Maine",1992,-0.427728260556416,-1.66272971690811,0.401455531377865,0.964595572340394,0.0875180809567417,0.0384618957505214,-0.202913070080864,-0.000273801709244951,1.02658183134229,-1.0750118263232,0.306872711176245,-1.2195925156015,-1.94969145071864,1.12602031982451,-1.30612085615633,1.06972541441764,0.22239474898623,0.813389312040444,0.360706236849175
"Gulf of Maine",1993,-0.247981903446938,-0.896274150255318,0.766505568879231,-1.69766831686442,0.318284865494866,0.954764417415523,-0.0175458803020876,-0.0209600790221771,-0.311430954417567,-0.0394745131058832,0.920197377602031,-1.08913899534638,0.335435416523019,-1.21811929661521,-1.77283287120534,1.14355999858391,-1.26244838232807,1.2848721421548,0.303010786676082
"Gulf of Maine",1994,-0.0808063062988494,0.47843121137628,0.421797037349328,-0.927987596308261,0.709061697836143,-1.69437760247189,0.199482835436918,0.929046656248188,-0.0980608486714684,-0.0611169238998767,-0.447746794517079,-0.0488564643556173,0.927809847624073,-1.0880992391963,0.385901676327325,-1.2020155660564,-1.72086512391155,1.36769371415522,-1.15092406270237
"Gulf of Maine",1995,-0.167793454034016,0.108259602058165,1.56764092540928,0.452502362051377,0.340059933162267,-0.928490514046716,0.566995838806658,-1.81753834387569,0.151753803438414,0.932799753845154,-0.229603593072217,-0.0705980487390595,-0.393407437601668,-0.051273294240726,0.945511371449614,-1.07191586232881,0.399500380541353,-1.26338029679659,-1.59979846705564
"Gulf of Maine",1996,-0.00448805560494384,-1.33556505445739,0.875526898636401,0.0807731146096031,1.56665683477744,0.445195231965287,0.219961584059449,-1.02347974940799,0.574785994224995,-1.94073422977503,0.0257994203374081,0.927873125521317,-0.182715675263916,-0.0729426370410177,-0.302628256726448,-0.0344547895252388,0.949163651947701,-1.11744513509453,0.476429812772966
"Gulf of Maine",1997,0.307070327151373,-0.638147682715887,-0.332849978567282,-1.36912698440952,0.825766273986149,0.0752981780285105,1.37353639691561,0.400734066445078,0.175326220781267,-1.10997371951021,0.458294853986532,-1.95882846138813,0.0639631606806821,0.922210879357512,-0.103590035803483,-0.0561374063018687,-0.276791718688321,0.0462934829133946,1.01465137225425
"Gulf of Maine",1998,0.55790942809654,-0.982289887171306,-1.47823675413349,-0.668774963281138,-0.467770610930161,-1.36745559725472,0.67675272749146,0.0172311465163292,1.50316843546286,0.380068205138248,0.0498991533669419,-1.12426109695353,0.481685209843863,-1.95489895521947,0.129444782933534,0.939625710690056,-0.081291175004015,0.0219717043484958,-0.185784686989704
"Gulf of Maine",1999,1.03526224929779,0.475360471502239,0.509014101155064,-1.01436527721909,-1.69387818518202,-0.670555498279774,-0.539776980006547,-1.47859121722144,0.701123556837817,-0.0211604745432935,1.40744523842612,0.372608754930168,0.0872396835804582,-1.12310463927062,0.524062268606523,-1.93924655333476,0.147601715764404,1.13893698045274,0.00564634538032847
"Gulf of Maine",2000,0.789050399301977,2.19475546240474,1.06385724605759,0.449418700869015,0.433423594082272,-1.01444245330006,-1.69289159626445,-0.756057149942254,-0.699183976776417,-1.58612074173535,0.587458591684148,-0.0304585040451759,1.39841406454382,0.368791506651114,0.151433861461518,-1.10694270564008,0.535205325958761,-2.09034546472283,0.229774634520615
"Gulf of Maine",2001,0.781653445070878,0.36476959968791,-0.257243572102561,2.17604870148063,1.02736914767085,0.442126769651534,0.307767095007291,-1.11259324551827,-2.02649647421435,-0.830190669825536,-0.844173863677058,-1.6025900022299,0.606436911228058,-0.0329364655275098,1.3900860669918,0.385867330210044,0.169199963515028,-1.15673537093739,0.609309943484637
"Gulf of Maine",2002,1.01893207874865,1.24607194353869,0.450549413205622,0.338362475813836,-0.386835865038291,2.16024648947566,0.866353725974221,0.397552737357723,0.276396270871525,-1.2032061006164,-2.20117838170186,-0.843195977098008,-0.776293162604734,-1.59984418303708,0.641913846784595,-0.0161067282318424,1.38583653961595,0.517776313027746,0.250923296239747
"Gulf of Maine",2003,1.19714217377119,-0.418641390795219,0.0836252144799191,1.22337323515272,0.370838624314617,0.331617922817563,-0.463660462654486,2.17886978848605,0.919367061225584,0.376739832906848,0.153230143525035,-1.217920703565,-2.08694447563777,-0.84297342509873,-0.664336245096882,-1.58397428546327,0.650962226824469,0.0668748310260524,1.44223453964084
"Gulf of Maine",2004,1.62811169734757,-1.4307966973579,-1.23614997744839,-0.44834501498037,-0.0219444502162401,1.2122666068657,0.248907950089948,0.282979060742201,-0.611568744675113,2.24039054161911,0.810584209845228,0.36926513085717,0.187041044687815,-1.21645303957167,-1.90249431403103,-0.826639891658136,-0.632070760339048,-1.6918302154595,0.722657265282683
"Gulf of Maine",2005,1.66674721165898,-1.27259092568392,-2.36800622319987,-1.46475935074162,-1.43473041357178,-0.45121201364137,-0.120491859332654,1.19602050881384,0.208645435407458,0.256870484837095,-0.754598676192001,2.24145578144656,0.821940898524865,0.365458992564042,0.245715124003975,-1.20034828831478,-1.84822198255793,-0.842314697315794,-0.5336682909988
"Gulf of Maine",2006,1.23496893472433,0.896219563735255,-0.583210491389092,-1.30588786798894,-2.6463538978696,-1.46261660707757,-1.44917147782641,-0.528645587911938,-0.216558596078127,1.21211331524989,0.0839637198289131,0.248846496775516,-0.689777726927811,2.23142884460569,0.845498124391997,0.382532774726814,0.261805484207595,-1.26151008157047,-1.72450428357475
"Gulf of Maine",2007,0.964505562793613,-0.492309656873136,-1.88950086475204,0.872048718127745,-0.735775207816358,-1.30452817623923,-2.58866427477584,-1.57725251971634,-1.74595822197221,-0.59226799430929,-0.350752138661134,1.20846660572668,0.120140656398345,0.245440478023514,-0.58260605209624,2.24964566280292,0.850928026223511,0.514035882575509,0.341601153678184
"Massachusetts",1986,-0.543527355422305,0.894443024789266,-0.571428011985075,0.993534167753823,-0.554521177191577,0.067496695352375,-0.363359311309729,0.105129786035854,-0.289996976729941,-0.36963325665025,-0.377802147635496,-0.956160708726352,-0.0455034992868201,-0.157972990037776,-0.257220949147372,-0.295834958719039,0.125975530883591,-1.89884081379695,1.20181105875361
"Massachusetts",1987,-1.1284035394269,-1.22005915625148,0.294719832207088,0.808404398689368,-0.565281041833942,1.00251314681025,-0.51520552166856,-0.0100484200909098,-0.334065929597005,0.0287266480773046,-0.255310429111111,-0.360144440402115,-0.610895376431068,-0.924076375225073,-0.0530744305967525,-0.0976145309463918,-0.209503938707587,-0.133860253190629,0.100480366918348
"Massachusetts",1988,-0.555512523127317,-0.449021718105097,-0.580736874338955,-1.26364072592406,0.298701927500661,0.817158708990738,-0.528665544856012,0.983485427808258,-0.486005714904248,-0.0995375349456432,-0.299355024866188,0.0356057036379718,-0.177560312128936,-0.314891690994646,-0.619945082516565,-0.883093417892174,0.0039752964492877,0.0525031178204937,-0.227252209424024
"Massachusetts",1989,-0.251089263420006,0.636232059414353,-0.523097917862582,-0.508084936513953,-0.574566637349259,-1.25740099661594,0.552131582927487,0.786530703059967,-0.499474032806282,1.00687670427405,-0.451210832358548,-0.0918181869296086,-0.333375480399989,0.0896021782902347,-0.185476636239272,-0.258501858886402,-0.588810287472947,-0.685990360748624,-0.018702637616183
"Massachusetts",1990,2.85007288025191,0.487049465242587,-0.491052073585155,0.555378047274832,-0.517071745340088,-0.50092828401491,-0.54028133511915,-1.41786397234304,0.581989134223357,0.787544959911354,-0.464671706259623,1.0073476411139,-0.870590950123796,-0.0406370226582124,-0.341699336966669,0.156222054837859,-0.134479778828617,-0.0987603272481573,-0.597799614472021
"Massachusetts",1991,0.423076419986932,1.1782536509701,-0.599652434482391,0.40919088809269,-0.485105997368425,0.563825291264519,-0.468358257522386,-0.614047907064883,-0.511096981278848,-1.66730211236825,0.616193731126921,0.789452796793501,-0.918211056427751,1.08281383507793,-0.880319886455121,0.0226889774808337,-0.297844321619762,0.291155825537205,-0.153960507743977
"Massachusetts",1992,0.010786650934511,-0.984826503350215,-0.415940846166348,1.08651639571839,-0.593434919397107,0.417460723083137,-0.428370792697898,0.517342578163839,-0.439129581217534,-0.772160449889568,-0.476288230675361,-1.64931192556346,2.90553229091215,0.860104810195159,-0.928064542500342,1.17455300306157,-0.861088327743037,0.16561036729469,-0.313552635861923
"Massachusetts",1993,-0.716113770374481,-0.288861486460437,-0.0345192257982437,-1.03313130580417,-0.410182505113829,1.09560821562967,-0.563884560839245,0.361817878684368,-0.399117474191247,0.487773014502856,-0.404360607325511,-0.760034571949015,-0.959306466103623,-1.63254211281319,2.90567975363076,0.946211449741151,-0.911015667810972,1.24857272978078,-0.863790209151068
"Massachusetts",1994,1.43881938298672,0.0796166151241846,-0.349754717460644,-0.351140559671108,-0.0297142209245319,-1.02661183615656,-0.334645455386399,1.08240679095687,-0.534714752443469,0.314578369530967,-0.364370615173943,0.491644736377063,-0.704850396216726,-0.723617016895881,-0.969267436662067,-1.60947694491952,3.0979912255501,1.0338900046102,-0.912564626883176
"Massachusetts",1995,1.02952590586055,0.974892323719477,-0.223026110474378,0.00993887583906751,-0.344161803923663,-0.343793443488471,0.141300302064354,-1.17263102239109,-0.305334378812667,1.11703702239716,-0.499892948189743,0.319584735154115,-0.563379070406308,0.555716962265864,-0.714145840380383,-0.677564246891599,-0.954102184271519,-1.36892341797637,3.00386626331906
"Massachusetts",1996,1.30458550469058,-1.78208632079773,-0.44655987523911,0.887238357396786,-0.217749946066126,0.0177241887939655,-0.252057040159259,-0.447078884751069,0.170904679337493,-1.3942070101466,-0.270639354141494,1.11678626997023,-1.0428121259568,0.379855458001239,-0.572304498238759,0.634125336281579,-0.687317506125218,-0.492755437490759,-0.954656189333901
"Massachusetts",1997,-0.36255132307662,0.262222141863854,-0.532412890663912,-1.814382955769,-0.440725004103826,0.896088338575124,-0.0939224729982601,-0.0629359065981897,-0.222695068626238,-0.586221234846999,0.205336484501118,-1.37800594130589,-0.231788963614475,1.19467040696296,-1.05299150443442,0.453816123064074,-0.538991776894082,0.740472112198045,-0.694032104038587
"Massachusetts",1998,0.110862801271363,-0.417541074177054,-0.4542276166785,0.188877869045577,-0.526363436030227,-1.80881159315178,-0.37285251079762,0.870400092172811,-0.0644630513284904,-0.158433835531602,-0.188045719080109,-0.575313493691593,1.45205565159024,-1.35524187935738,-0.239847122026242,1.28923853673839,-1.04165376281011,0.570948551094045,-0.549131513137988
"Massachusetts",1999,0.169590123025923,1.34667379865494,-0.0537981802137008,-0.477236391946036,-0.448373580569513,0.196880337788215,-0.479981672527764,-2.00378424240293,-0.343564979251655,0.88094317331427,-0.0299011573426695,-0.150328642333654,0.0603999173272776,-0.534814701070947,1.4484015658997,-1.32516351812083,-0.191335853589609,1.35639805788842,-1.04018602647195
"Massachusetts",2000,0.507571852307268,1.10687602611848,-0.213710118962492,1.25155483787563,-0.0489449889662956,-0.470042302441921,-0.3824204765668,0.127432613450328,-0.450760159131074,-2.31979173938244,-0.308848824352609,0.882239133893793,0.619862913316538,-0.100440211251886,0.0531059749651278,-0.483986936368818,1.57409243395506,-1.10161691865481,-0.209503661799996
"Massachusetts",2001,-1.04031255679506,1.03818721076944,-0.0646892604634738,1.01657196108675,-0.208457239211626,1.26084694422125,0.117243625483546,-0.581228946424663,-0.353138841262177,0.0535634121980352,-0.415984756965395,-2.29752692112666,-0.366961393476235,0.954941173682791,0.614032238821817,-0.0386266920758064,0.115009821695803,-0.310757443915293,1.51515734869283
"Massachusetts",2002,0.278655149141534,1.02384022143847,-0.456905099745287,0.949262347393465,-0.0598088477365457,1.02557889822022,-0.0822977868248593,1.25798687789929,0.146833177873899,-0.735612761609485,-0.318417394845771,0.0602797555734726,-0.74597278140601,-2.29507880580624,-0.375373093542405,1.04344631735114,0.701579265239055,0.107962449757725,0.089767877930827
"Massachusetts",2003,-1.18713086118146,-0.484263878276896,3.24242887741118,0.93520343103828,-0.451044371458041,0.958187599300474,0.103653511126807,1.00799473426731,-0.052831201463573,1.31256564855045,0.181278287466577,-0.723726317203681,-0.40081182156953,0.11482138007356,-0.755375780609608,-2.2887698370214,-0.333057500123536,1.12530852242513,0.662792257546088
"Massachusetts",2004,-1.0325221977868,-1.77647518235687,0.106869724995341,-0.542619469899433,3.2390433838547,0.944111621403805,-0.385761495109623,0.936385794738741,0.133234688634133,1.03417063665192,-0.0182757364544202,1.31103393657977,1.36694573163364,-0.686506565591955,-0.409312056970624,0.182079074829468,-0.730432305085242,-2.00758268583549,-0.34795267150735
"Massachusetts",2005,-0.632217596439395,-1.48473898066127,0.116434277948382,-1.80888448328968,0.111321338254951,-0.535504727627262,4.23034366988293,0.921428880921004,-0.356481918701545,0.954425844345796,0.167687314174064,1.03446276374993,0.660989795760807,1.39320979210212,1.36306904210341,-0.639515236081999,-0.368548009616975,0.315466142410627,-0.736151295889198
"Massachusetts",2006,0.263074431125018,0.304651511334658,2.70762762359146,-1.52300604825346,0.120861985288984,-1.80330644786682,0.317728348318459,-0.650788294910772,4.26246791262585,0.937769600114442,-0.321758624550935,0.955240400587703,1.31886537684242,1.11052804071084,0.655266688068537,1.49279917655449,1.48485886757651,-0.456982424599026,-0.382623634014124
"Massachusetts",2007,-0.937240114531956,-0.445063749002737,-0.456569082033198,0.230455299866258,2.70557882768533,-1.51708107807007,0.329663194579979,-1.99793456118108,0.34744144905126,-0.813075098497766,4.29463829206025,0.93869327580055,-0.412631983835006,1.0295553343405,1.31486293379725,1.20296812798339,0.744698779349809,1.54778220263873,1.42798436418471
"Newfoundland",1984,-0.67523314832517,1.47403675762498,0.247302697577563,2.10724534888558,2.4158869821261,0.491780759985998,0.365312770674007,1.94494548719132,1.30563270468749,0.0565325312098433,0.306451698502917,-0.0386613634895402,-0.569420851117045,-0.0490048332170262,-0.473214896640537,-0.756763999524944,0.00458079994038548,-0.08310769527258,2.06508735100953
"Newfoundland",1985,-0.302911748316812,0.107165403882451,2.59933709444036,0.927570426230389,-0.107873551842385,2.0456434142844,2.38946975149919,0.172852213921112,0.135633324608854,1.95674994889942,1.24353178406881,-0.0291426517378779,0.305439933691039,-0.211277168131739,-0.615072090902354,-0.188801474572264,-0.597551277139651,-0.801893210636658,-0.26933790590084
"Newfoundland",1986,-0.719053498233821,0.528392839652994,-0.026241440357015,-0.0971327995099987,1.48453464929706,0.87977029117311,-0.23358401903724,1.42730765783253,2.11840977658942,0.182633720468822,0.0246279086966258,1.96508113522221,1.24325798992924,-0.20021787887456,0.279853710375092,-0.382132984219237,-0.747297371280237,-0.227520750474739,-0.760160164193127
"Newfoundland",1987,-1.49589386935998,0.629100877847764,0.922556047838854,0.218649012013524,-0.293072343663478,-0.132944251717408,1.42147488215886,0.48608168644362,-0.451020014561568,1.43852120362559,2.09028191028539,0.103196936797192,0.023394201603784,2.11676558264143,1.23918071417437,-0.368956929971686,0.197396649945041,-0.423034168956005,-0.882224274201938
"Newfoundland",1988,-0.66529521199339,0.611946098974372,-0.247451094035756,0.294146864326848,0.349296196285958,0.179143018896109,-0.42606915486795,-0.331497182540067,1.17020395522888,0.496220763999237,-0.586546798564156,1.42121490113195,2.09067495003712,-0.0464594892973296,-0.00866076777749871,2.3915007332362,1.21007332503419,-0.409709411844568,-0.112165892423716
"Newfoundland",1989,-0.185642166419805,-1.50505709990719,-0.27332154324729,0.281286431484872,-0.442838889237425,0.25375757174819,0.241572326211408,-0.0795446856359231,-0.639570111365731,-0.322291422331222,1.10244228405487,0.432297562688309,-0.588261818851637,1.48487608362738,2.1060332639855,-0.185768947907603,-0.107162568437785,2.38190233986674,0.713307905613311
"Newfoundland",1990,-0.79990501156831,-1.78719052379739,-0.0655170362919258,-1.30576856155237,-0.460354073346364,0.241047601641942,-0.581728020588554,-0.0193072947948569,0.0144225480918918,-0.0700513059143382,-0.782978051101185,-0.426707547306722,1.10205737890698,0.335905174262638,-0.634345178048923,1.63866661127288,2.12513289748312,-0.224453999193864,-0.360424454025846
"Newfoundland",1991,1.13837273018284,-0.964711417098732,0.252595504586424,-1.51727568602162,-0.319663273266724,-1.32743938214259,-0.599932311011603,-0.0295682346196405,-0.792046790010979,-0.00974515032906323,-0.101649325077179,-0.161988765391891,-0.784847765214444,-0.662127567213253,1.09474165352122,0.269780900934826,-0.767642264870217,1.62057185109561,1.45921004721548
"Newfoundland",1992,2.04363151375849,0.931841927635179,-0.458866581473801,-0.900687305973567,-0.104290139414744,-1.53647194444393,-0.453706261169864,-1.29583010793889,-0.809878923940197,-0.0200178036575784,-0.941828062194421,-0.0986991813428732,-0.102982478200878,-0.354564773278132,-0.835439842049909,-0.919276843800605,1.05760178288438,0.236237113178059,-0.898808221473066
"Newfoundland",1993,0.904806105641869,-0.584296235127038,-1.07273326352952,0.521102919431673,-0.585974447328447,-0.927097440913125,-0.229859623099828,-1.46458507158274,-0.666642222914105,-1.2877251939988,-0.960405556783366,-0.109480036960873,-0.943822874099522,-0.281031942867292,-0.13793590892099,-0.552846057591917,-0.97992011685623,-0.966240149164511,0.5890221724795
"Newfoundland",1994,0.417450285761595,0.351936104141696,-0.973010843624255,-0.61550123998448,-1.0015833092633,0.478058317396422,-0.730495013453012,-0.972628358921936,-0.447371757715628,-1.45667280197447,-0.811181742695109,-1.43990265554596,-0.962414998864033,-0.293557650529206,-0.998061060388501,-0.465238930231518,-0.243626901857365,-0.595673883069252,-1.07184450149068
"Newfoundland",1995,0.339674018872503,0.206835266170924,-0.904649541883642,0.0863645906691403,-0.934067800346248,-0.645247955909108,-1.16245532731542,0.161773890645476,-0.93777248869832,-0.964154489997434,-0.582746049193186,-1.61720833406392,-0.813073667820605,-1.83930553712291,-1.01707959732747,-0.480162077624124,-1.15158495484564,-0.507078035528248,-0.4716620626086
"Nova Scotia",1978,-1.5777348302774,-0.304092332437793,0.865111235498757,0.792859723377754,0.982042010843574,0.572214194173835,0.23668771664433,-1.26457773015511,0.882824592337342,-0.0979211804627857,0.384943320747527,-0.207566202641283,0.700930750449276,-0.861406675077885,-0.172748674904211,0.158335949330223,0.00199147327003889,0.175812489174005,0.532085464223185
"Nova Scotia",1979,-1.4615027605818,0.875584177139226,1.09944891462393,-0.421517605634877,0.786852263608138,0.783304660114966,0.952676183340161,0.581177889154974,0.150740889043763,-1.25076597108501,0.848190186599801,-0.0476988753248101,0.306735606167921,-0.218255441814029,0.67955949752379,-0.919167909987405,-0.261871940062464,0.123263989635057,-0.0655517333237146
"Nova Scotia",1980,-1.49176344628359,-0.00537833783276389,0.727236859203611,0.817362402838011,1.02482687647494,-0.42687413718863,0.751680170454247,0.787413865273197,0.884682655740341,0.653273609999879,0.0760625984138831,-1.22858308275704,0.794698558740865,-0.0569655712503545,0.266867210902462,-0.265109743549609,0.652824050662242,-0.965881967095419,-0.335153239611916
"Nova Scotia",1981,-1.41463749349492,1.50493884990629,1.92464383827509,-0.107812286284286,0.646838069366828,0.807722625150625,0.996733760777319,-0.394934207278261,0.67864669893613,0.866021959491322,0.850149883295137,0.72176642649084,-0.0186251471865394,-1.24835760966473,0.777727249655476,-0.101084625428461,0.209923240618176,-0.304756903568122,0.599434143233792
"Nova Scotia",1982,-1.28940480959057,1.15578237574082,1.08530898777268,1.47830200450023,1.86282887098408,-0.11425340802193,0.607501005367302,0.811270285464881,0.929844970113676,-0.353661461870213,0.632844067455911,0.9396892276479,0.79676281315054,0.719346643486323,-0.0737607121620917,-1.31268098387657,0.758177550954879,-0.138959544552607,0.146901812145979
"Nova Scotia",1983,-1.07292451957005,2.29365027942232,1.2124155105855,1.11162268846674,1.01046749717685,1.46637712496761,1.85966361274139,-0.0895028797806672,0.530852263596846,0.890631700798753,0.897782508795603,-0.309659255399312,0.567862856508425,0.93920858139134,0.77988836676931,0.688392743956645,-0.155638190839707,-1.36364682857664,0.707078708324888
"Nova Scotia",1984,-0.899429921546436,1.0371316794253,1.18774558117632,2.30659587536135,1.1395467202542,1.10096554895086,0.98194723624255,1.45477757552079,1.81441265457442,-0.0385854405515862,0.476965497297303,0.964897525499732,0.846936831133903,-0.321256946506702,0.540247549563472,0.911983228648478,0.760496858951046,0.659047884711301,-0.226609283299915
"Nova Scotia",1985,-0.619634966057548,-1.21328451978912,1.41983959291376,0.987017362800468,1.11449391217606,2.29180729111511,1.11486615002989,1.09776944287624,0.914687675764462,1.55445920762824,1.83073472411896,0.013080024634155,0.403667536595135,0.964641189579027,0.832416741385094,-0.369858007745171,0.503314654434886,0.885054195741814,0.709448453040215
"Nova Scotia",1986,-0.215383241682309,0.141897553676561,0.372810179831835,-1.37633870754286,1.35019003581318,0.976791027943429,1.08906810168656,2.26122515842741,1.05093951074536,1.18617772539251,0.881796133089342,1.64487060223191,1.82966580602098,0.00435415600059226,0.368347557870091,0.937847137817327,0.816870240334294,-0.410636940504028,0.44667344815273
"Nova Scotia",1987,0.0644117138065789,-0.222010077061423,0.492970642460789,0.0468548247751229,0.286910668327269,-1.37839408501786,1.33177542507165,0.976450588257178,1.02449458033216,2.38637222030453,1.02550073989373,1.26763180148478,0.830097517874404,1.65066485291211,1.86125911465824,-0.0387250025312349,0.318831813258295,0.911197556485167,0.767047755435091
"Nova Scotia",1988,0.198800194923261,-0.0331243657343112,0.897502924457391,-0.335315952545579,0.408936027982501,0.0398789641596904,0.236866924622886,-1.32457185984401,1.27328775229135,1.06102795003227,0.997609311293659,2.49701734966751,0.98146934443948,1.27006927803487,0.814787263206551,1.63550478996163,1.92102249929922,-0.0759261451318728,0.258178759793412
"Nova Scotia",1989,0.199731292944854,-0.0282469341362834,0.165660384751707,-0.136950782306457,0.819746673371049,-0.340970513686365,0.362522145294326,0.061084879294908,0.150924590634649,-1.31265455284812,1.26001109808079,1.13943814134182,0.952089795748674,2.51039423540852,0.973262034246857,1.24845485367329,0.79795030793174,1.61639318473679,1.89521140809483
"Nova Scotia",1990,0.388744191328363,0.557428084395338,-0.0582683315016646,-0.131828570877785,0.0765458969696947,-0.143291161962888,0.785553082849619,-0.311006126651338,0.279730596518852,0.116757471970031,0.0762563482073538,-1.29197691462317,1.22849177508099,1.14073491560689,0.942503884875901,2.50981396401807,0.9680252202591,1.22516129306802,0.747716381637649
"Nova Scotia",1991,0.676289606748997,-0.139198256286354,-0.273435724525029,0.483239260032042,-0.150858205345801,-0.138186659829828,0.0202444795744358,-0.117872846664744,0.713368969367867,-0.267083159842409,0.212107850186968,0.172201177477546,-0.0184210600609667,-1.31231553720287,1.23187570117585,1.11692716380514,0.935015615491874,2.50014900019994,0.921489819819886
"Nova Scotia",1992,0.128070885542936,-1.46356643836215,-0.303164379584752,-0.248348119931655,-0.369365008210158,0.474754664161938,-0.213924161589812,-0.112885733791997,-0.071129628700331,-0.0678512541274592,0.669465594207811,-0.220975201481046,0.12467866689667,0.164891212426433,-0.0735470484887958,-1.3777235471979,1.24556906172279,1.09221248701111,0.887762373279173
"Nova Scotia",1993,0.0308948231402691,-1.19941048116784,-0.796635873134104,-1.63918132828263,-0.399555053640749,-0.254303359612934,-0.438930837330876,0.485959655520337,-0.311170012303378,-0.0627066617417148,-0.157943905192999,-0.0168975901762062,0.606438289261131,-0.231783757596606,0.0762674644238338,0.124534534791505,-0.155408887271291,-1.42939215676663,1.20506925500795
"Nova Scotia",1994,0.246182376595129,-0.432428214355116,-0.967167281925986,-1.36176838343694,-0.900685252064722,-1.64032796590281,-0.470018939274438,-0.226332074519077,-0.541818695618101,0.55504864252065,-0.41111413917691,-0.0116278713455188,-0.265116840575996,-0.025890207833672,0.580633089012834,-0.278867480389886,0.0053718476161631,0.0890973612204457,-0.22637499319254
"Nova Scotia",1995,0.0797257933337366,-0.57275069182574,-0.873335829072393,-0.556294179709507,-1.07386331775343,-1.36387413567298,-0.986056145360123,-1.58048199468547,-0.573686326906908,-0.17973533055018,-0.654378960897217,0.621152437673523,-0.531794726569007,-0.020573597602077,-0.33181873761928,-0.0694822679011995,0.546656361358043,-0.318663288518649,-0.0620978478303717
"Nova Scotia",1996,0.187627018664137,-0.634212477983899,-0.357753630738074,-0.703658911198545,-0.978575595561576,-0.561184741003138,-1.16438570014324,-1.31038582868918,-1.10266308607668,-1.57664563641369,-0.687989704009685,-0.131502903905752,-0.788038706645119,0.617837363850247,-0.611010168965897,-0.0640754954969945,-0.432585718619003,-0.107015733283323,0.490957683409174
"Nova Scotia",1997,0.253269429186489,-0.83974293697453,-0.995625189008544,-0.768205231768818,-0.454991532991393,-0.708039980521955,-1.06626347544236,-0.526156043173199,-1.28546422684888,-1.29802056526347,-1.24590070165467,-1.56238877233495,-0.823442718320745,-0.141515311021614,-0.879278095663345,0.585162010839236,-0.732213589333823,-0.101550542368154,-0.509579437096885
"Nova Scotia",1998,0.591878743039375,-1.01053091786375,-0.838305410253158,-0.984050486555698,-1.10276289312797,-0.772363141644879,-0.527104475147753,-0.669634023266745,-1.18488160254837,-0.489026927825006,-1.438700791736,-1.2769870001342,-1.41112051552052,-1.58513359365838,-0.916343398841087,-0.18706820892708,-1.02011836946887,0.554701775309567,-0.815723150810041
"Nova Scotia",1999,0.798737686836762,1.0562889191641,-1.17898746161121,-1.16340966976684,-0.943001502704675,-0.987462143084617,-1.19414494470731,-0.73247793174007,-0.632203273758066,-0.637035553806778,-1.33261644814911,-0.448317071506062,-1.61420726720168,-1.29719223835082,-1.53159728372876,-1.65516821113933,-1.05989680326599,-0.225872154194697,-1.10988883832114
"Nova Scotia",2000,0.928781043852673,1.26313915376361,-1.26114744417402,1.00713603189089,-1.2889709583435,-1.16620121819589,-1.02963116802078,-0.942630258261303,-1.31596967986504,-0.701863902647463,-0.749707440433697,-0.599925553764359,-1.50246289646927,-0.461148577823134,-1.74421364176785,-1.36234377863636,-1.7201864496522,-1.70983452487065,-1.15053231190486
"Nova Scotia",2001,1.52018347056823,-0.592061632140112,-1.17299433210521,1.22436729682906,-1.37240606838009,0.996840139682854,-1.38589209949192,-1.11725883497932,-1.14733074568717,-0.918652270277121,-1.47087484745931,-0.666330653533733,-0.888453344644514,-0.614106113864184,-1.62722579819943,-0.512122002815955,-1.94836604073464,-1.41384621454155,-1.82518091514984
"Nova Scotia",2002,1.99644010861338,0.481272523212872,-1.08379915119858,-0.723938994514663,-1.28288481513608,1.21332035934683,-1.47180913504105,0.996038626548954,-1.51252486488235,-1.09879514432883,-1.29301161551574,-0.888391733890185,-1.6480979384275,-0.681102104391803,-0.984404572149431,-0.667673481833035,-1.82281484348315,-0.554438054235347,-2.05832260267334
"Nova Scotia",2003,1.75264760995944,-1.67707498189526,-1.29007461271863,0.403261739485482,-1.19230532008824,-0.728249948421035,-1.37962491314699,1.20754040714163,-1.60059625680193,1.08123452550367,-1.67818130745844,-1.07291603133209,-1.46074498644654,-0.905139145037513,-1.77969459277959,-0.735805629385338,-1.13293996343166,-0.711670219085494,-1.93004111238338
"Rhode Island",1987,-0.795061685148002,-0.700036596083689,-0.117630917012358,-0.526679086046061,0.446850402255342,-0.394105407289725,2.70134290743507,-0.217953235640813,1.45384015714924,-0.142516969632561,1.5638814672837,-0.771979783375039,1.76347849200924,0.409082135694823,1.2708932763197,2.89766015529493,-0.284214450593607,0.0508368843812645,-0.143234517677429
"Rhode Island",1988,0.00911674360857715,0.190523796745514,-0.388376322048153,-0.643406898111711,-0.156570369781448,-0.533987351106714,0.606002016791277,-0.377845152917627,2.45336495273317,-0.255617158691437,1.40937571638307,-0.0581539560209562,1.31683848520863,-0.760340108815062,1.60233386883439,0.15508048622932,1.26426079969295,2.91790224038158,-0.338494531807069
"Rhode Island",1989,0.0757914356713052,-1.02108016606248,-0.0373672345047562,0.248170132744807,-0.426491099315758,-0.651038036071993,-0.123414212859094,-0.517569341712423,0.480151294279955,-0.418158068094967,2.38783753492803,-0.171591925702748,1.17373329619062,0.00594565581938032,1.17317844817909,-0.701174643897451,1.59806861884113,0.168635187542146,1.2533954478292
"Rhode Island",1990,-0.712058497069912,-0.38831239882031,1.71267319452379,-0.964816962159062,-0.0765511660032788,0.243005125658571,-0.449694927685713,-0.634488020123457,-0.206750810036511,-0.56019712234596,0.456205390174746,-0.334618273460399,2.07999706096042,-0.115829009659447,1.03567538831907,-0.140097479347405,1.16584806927698,-0.689707796851195,1.59656226455933
"Rhode Island",1991,1.30042863682346,0.169204049866527,-0.381442512009434,-0.331326845506545,1.66815873684981,-0.973337130741202,-0.0266868401462135,0.258546864234261,-0.514014208493814,-0.679052838374978,-0.216221632267648,-0.477081536022824,0.290894832875833,-0.290836364058611,1.90646170676921,-0.22926132288231,1.02736293023644,-0.127262526802374,1.15222351150743
"Rhode Island",1992,-0.61408752097774,-0.702150422362097,-0.584467252208376,0.226826047858443,-0.419578409278208,-0.338094759958069,2.08232196125311,-0.956423634707639,-0.11566120555468,0.228777305291879,-0.517010071889294,-0.596292221907607,-0.331915616486218,-0.443769426861358,0.187397342631857,-0.357402330732731,1.90436860929499,-0.216643783471051,1.00985565310842
"Rhode Island",1993,1.91002582139697,3.22217852798881,-0.602817874293532,-0.645523137473156,-0.621984747368293,0.221602002343788,-0.441338854216594,-0.321897672858829,1.87042372759459,-1.0063220865966,-0.127051558202838,0.314249211934632,-0.610509689882065,-0.571741052551087,-0.41103198818224,-0.469380463700207,0.173026283316594,-0.345097244631881,1.91145001331473
"Rhode Island",1994,0.309833211891494,-0.938432548430024,-0.714162805240675,3.28328571348275,-0.640279474475403,-0.653160129019887,-0.686008038355995,0.237167878775311,-0.506145169916881,-0.361283684183182,1.81718062499044,-0.924538879729032,-0.249325161248067,0.405717190238216,-0.678719958224845,-0.563081743560346,-0.429677170469032,-0.45734842007753,0.131565898579846
"Rhode Island",1995,0.289422591872292,-0.245925419489145,-0.207274072232949,-0.882074996392969,-0.751285254932607,3.28651593415688,-0.708122740877599,-0.636607719833089,-0.736553776985173,0.20704412579284,-0.509306857491608,-0.277574030727108,1.55144738248548,-0.924110960641598,-0.331674695910692,0.152616661188072,-0.699277030927177,-0.551278176953521,-0.488035602055028
"Rhode Island",1996,1.13442226066728,-1.09981167385129,0.247355435874503,-0.188777321311553,-0.245940476918447,-0.890366298024422,-0.842306749123099,3.29862528466276,-0.757379521026683,-0.681207655981358,-0.734860066052825,0.292451124967531,-0.603374874860608,-0.229599869824577,1.39860312681803,-0.821088244566535,-0.349753089759166,0.166165354819958,-0.765194256218364
"Rhode Island",1997,2.23523503370293,-0.216167708645627,-0.801948004757362,-1.0436383475636,0.207304254898753,-0.195150939173404,-0.231444976154304,-0.873546374221837,-0.883742595884001,3.31922189767872,-0.755246949377219,-0.598453475008388,-0.812285121609501,0.382317135072003,-0.671864449324591,-0.312564751676036,1.39288278396815,-0.809913789488476,-0.405870683248523
"Rhode Island",1998,-0.0616400724579915,-0.0741478832988868,-0.236420692469148,-0.158985639924663,-0.838803065595825,-1.05237653864447,0.31643815732662,-0.179115060197277,-0.308484985424909,-0.922071766019649,-0.878947176293141,3.41392360586459,-0.831167711898986,-0.574061138798231,-0.872596500770107,0.13548305750011,-0.692372558370626,-0.300150335624984,1.38562361737259
"Rhode Island",1999,-0.571905572938055,0.374487376988862,-0.685606715010933,-0.0168036888464816,-0.274998318164448,-0.165276853033234,-0.948098452755946,-1.03537390413308,0.207464704216543,-0.216135535957268,-0.315811964291926,-0.840036940423568,-0.945740433310242,3.73319046460073,-0.890739895574333,-0.564780518969126,-0.894538285319711,0.148989973317998,-0.758096202390631
"Rhode Island",2000,-1.01821779735795,0.0113726843631639,-0.287075032055621,0.432343720498956,-0.722816144971385,-0.022701622084497,-0.266570152458552,-0.149274665232633,-0.983368215510614,-1.08658035611155,0.189265122174298,-0.1319923886907,-0.424157447004667,-0.833398869971248,-1.00082744640769,2.58900443721053,-0.912811264515144,-0.552981094580386,-0.965930066636492
"Rhode Island",2001,0.066266479662344,1.43948747138073,-0.27973321599409,0.0688145066259936,-0.325498367439344,0.427688143507063,-0.807893232367082,-0.00686022672149542,-0.341562885994025,-0.185800763461442,-0.976473386132263,-1.00503684546815,0.0436513659754103,-0.0733192540080941,-0.499662833998595,-0.754668528877301,-1.02368508651815,2.60849390997962,-0.984715366869045
"Rhode Island",2002,-0.630416016993102,0.786691872867637,-0.640059940627779,1.49855958824407,-0.31817891414272,0.0631533960829639,-0.327614712484084,0.443021601637227,-0.851334875688402,-0.0410268890715438,-0.348192814559476,-0.101567019543932,-1.0360704476423,-1.01052482080769,-0.0501673009879333,-0.198135528475892,-0.518941038623337,-0.743332118930995,-1.09869776743884
"Rhode Island",2003,-1.54072966984953,-0.841811552445702,1.23574262922387,0.845018777126799,-0.677408103539213,1.4968531987916,-0.318766942778205,0.0788979665096884,-0.399049455436975,0.416308308047598,-0.847222383694118,0.0436392308647883,-0.45414900182441,-0.0406578870926714,-1.08762131777662,-0.884360780580492,-0.0662351028394238,-0.185442093317716,-0.579802168703164
"Rhode Island",2004,-1.19647054552565,0.0307834099143379,-0.24980818304205,-0.785343700669803,1.19268087562463,0.841504672674998,-0.753003901551598,1.51098088187731,-0.390717379206111,0.046152093793912,-0.404467970040935,0.502340287484693,-0.91635652743634,0.115219749104082,-0.52848031144978,-0.174220759358426,-1.11109886012166,-0.873340606428322,-0.114403678954678
"Rhode Island",2005,-0.298403264680741,-0.560678039153372,3.31914234717773,0.088247390900924,-0.288345031182878,-0.793367440411914,1.50756337671445,0.856371439865921,-0.799644777073855,1.50196088869455,-0.396311475577641,0.131078579087565,-0.506271765639021,0.607631310077563,-0.972593830310147,-0.0600865992703015,-0.547964337273473,-0.161469011495334,-1.18856236828142
"Rhode Island",2006,0.108448427702029,0.563825218527032,-0.300722833292685,-0.503889253477126,3.26973467348072,0.0826400323436718,-0.282703685706451,-0.77665690926229,1.32916502625913,0.836506275222994,-0.796621550063362,1.59123523587667,-0.498717116863229,0.209085122482891,-0.578562628953779,0.300458898471605,-0.995249819296718,-0.0470565517687992,-0.609639195990874
"s Gulf St Lawrence",1984,-2.14323524639216,0.666485649733138,0.391765462957189,0.827203231350176,-0.121523873003688,0.501365380310461,0.311929430770295,0.0638532380680098,2.67995132418521,1.47624900387655,1.07370272904592,0.195703557086744,0.865633288437814,-1.49896157912948,0.679875328363123,0.360782571688133,-0.340555796232908,0.42600208852795,-0.426897804493852
"s Gulf St Lawrence",1985,-1.11759786684376,0.418659791923509,1.61116527824614,0.649453758249381,0.393249284077698,0.778152797008329,-0.180225120385604,0.455162154233125,0.113707680260737,-0.0964226464757471,2.58579326605449,1.513019765732,0.998712329635256,0.206030966697621,0.803076981250817,-1.50615276558911,0.663652328346308,0.364881113535461,-0.350682095171999
"s Gulf St Lawrence",1986,0.0717958871796117,1.20736569722366,2.72572974147221,0.403698098153795,1.61244461521992,0.598964513525633,0.344610106720827,0.760030684020611,-0.296784661430079,0.322048696503768,0.0206899064807334,-0.20339504768095,2.51985501049332,1.49692661795647,0.937788308423952,0.194197779910473,0.789801880129777,-1.50521795343089,0.658212263418371
"s Gulf St Lawrence",1987,0.593661328864594,-0.269517219501752,0.713483336496023,1.18581559828657,2.72682217439666,0.351219560359366,1.5876365732426,0.562663082587545,0.140965717735886,0.648079455891134,-0.389620037098964,0.25332483527615,-0.0606043638370758,-0.185063176027548,2.4775886219389,1.48157884804073,0.927736503121711,0.198014025289906,0.784950504245067
"s Gulf St Lawrence",1988,1.04655799334209,0.858399563104181,1.69726387101878,-0.278730269895422,0.714913207957009,1.13966798659519,2.72379643571259,0.289783482296629,1.17773931624833,0.437011724438037,0.0479358321232283,0.609155008036873,-0.473370631652164,0.26249657225726,-0.134521473719701,-0.195831572740943,2.50438028048257,1.48757670390507,0.923528812451011
"s Gulf St Lawrence",1989,1.73944770570003,1.27194981676341,0.650539440291752,0.839764530817179,1.6985287699083,-0.336732790426479,0.672561469799483,1.15822293444902,2.12537847021947,0.145190383067761,1.08424875079633,0.378795555179433,-0.0331953302111685,0.611190089872055,-0.552350541688228,0.250509652622339,-0.170230896015044,-0.192676275503617,2.50753014997505
"s Gulf St Lawrence",1990,2.0803272847204,0.437901684094433,0.807991427182858,1.24986021844631,0.651979866969121,0.790815775134448,1.67540338131063,-0.46796419370002,0.414500774304343,1.07391193482832,2.03146683091504,0.0603015624341742,1.00932148524146,0.385450807254517,-0.1067762535629,0.59825381979749,-0.598057539659034,0.254421324736694,-0.179562357389281
"s Gulf St Lawrence",1991,1.74956177103849,1.56764186914699,0.97008684282911,0.422779254388856,0.809405450350249,1.20423102215603,0.608397995353354,0.773978368384655,1.25094315533091,-0.665155802553329,0.321349346161959,1.07390883933815,1.96221009507266,0.0733446420918301,0.948527591026522,0.373129133312004,-0.141821804051768,0.602754783101497,-0.609385495304976
"s Gulf St Lawrence",1992,0.728447767445484,-0.866808847339925,0.161619483673702,1.54308222587044,0.971473683818562,0.370455170867684,0.768900715181719,1.22933613014583,0.360983815425165,0.662995308728009,1.15742006249503,-0.824110766535539,0.24185497633363,1.06662265480626,1.91310389187375,0.0618727061287891,0.938732749154426,0.377248597781979,-0.151020691659944
"s Gulf St Lawrence",1993,0.810224305785097,-0.545100269652875,-0.415706339561613,-0.871032459692318,0.163141898538122,1.49982654361158,0.934136833166854,0.310970617048629,0.494854643512296,1.14996140182858,0.26785616700099,0.625434179062919,1.08293083766785,-0.793329602022141,0.171647692842417,1.05244642733671,1.92638888168825,0.0654647119450316,0.93457637352579
"s Gulf St Lawrence",1994,0.0427751268365928,0.0280702258787843,-0.450876317803407,-0.552011254372308,-0.414087111513472,-0.933829427852593,0.110004901909347,1.55492091688594,0.632673466571665,0.16784820753148,0.401667510942628,1.15690927473239,0.188041559765654,0.627142760116076,1.02303980172845,-0.802441936979961,0.143264111774638,1.05771707055858,1.9268414986044
"s Gulf St Lawrence",1995,0.111032361758966,0.192394566697181,-0.95367835518671,0.0163712974794863,-0.449251192015328,-0.612225874386882,-0.478506978353577,-1.12563850622795,-0.0547119198471339,1.4981464222367,0.539425095604957,0.0850303260896557,0.322653966543417,1.14795840426401,0.117174225793331,0.614163057417316,1.01502784554418,-0.800314608510885,0.135395605072718
"s Gulf St Lawrence",1996,-0.264865262578989,0.708592600280052,-0.690260350670452,0.17932296525347,-0.951968913291397,-0.0392424947394833,-0.514358397415163,-0.77140707587883,-0.545573213874806,-1.36848210419722,-0.147654858084997,1.536918621695,0.461236238248089,0.0975774369624694,0.253437726099876,1.13356073267347,0.0874872346689567,0.618690980694914,1.01122750833709
"s Gulf St Lawrence",1997,-0.626125445623095,-1.71420639191037,-0.730995352096303,0.691208971033586,-0.688595081986591,0.125028201143284,-1.0269025458169,-0.14029240083402,-0.575475879468297,-0.989661954029215,-0.638298042872232,-1.59172152783724,-0.229956925877799,1.52034615005531,0.393719783860624,0.0860395249680367,0.227011170307926,1.13896883311246,0.0793584397935677
"s Gulf St Lawrence",1998,-0.0454561165180178,0.811244678147004,-0.544977863743049,-1.71135132217866,-0.729323252460113,0.641057717937066,-0.758380649006158,0.040644168242793,-1.00297461376469,-0.314738907990975,-0.668187421519371,-1.17827698127723,-0.723537350584709,-1.54554489180659,-0.305951235967755,1.5049346182915,0.370649817152318,0.0896724841481833,0.219533477327211
"s Gulf St Lawrence",1999,-0.358738019765605,-0.207289447378295,-0.676128678601977,0.793003551225274,-0.54333695783586,-1.78095033302497,-0.799904917134849,0.609026799175738,-0.779008012301347,-0.121242757180727,-1.09549620108647,-0.441665550738425,-0.753605662270885,-1.1403925345454,-0.805585689903285,-1.55260925087731,-0.345762531858046,1.51097205310765,0.363842427762745
"s Gulf St Lawrence",2000,-0.174550216817965,0.771761621987032,-0.148256924139253,-0.21702231355204,-0.674465779692877,0.743676284249479,-0.610283220985742,-2.05870297857011,-0.813642242587565,0.486593745048055,-0.871629116912279,-0.230483731879608,-1.18347252976071,-0.418554842038758,-0.836022805595234,-1.14855995848271,-0.857351954095746,-1.55175316440328,-0.35591312853082
"s Gulf St Lawrence",2001,-0.231626072974201,0.441253005385538,-0.71247769976705,0.753850314291303,-0.14668254533975,-0.274525333034324,-0.74397516675409,0.722056400787702,-0.65548409103778,-2.36631457541733,-0.906247957829336,0.43290940318764,-0.958265263236646,-0.211608560044598,-1.27116222128578,-0.428687536037353,-0.888517351735509,-1.14701916551848,-0.86988993212061
"s Gulf St Lawrence",2002,-0.197268745492797,-0.558208996729336,-0.728510008992293,0.426102580628366,-0.710808705401411,0.704206117634633,-0.205875559472321,-0.399445558339997,-0.76699280258938,0.607469215115392,-0.748160082251038,-2.68075650505132,-0.993091350161937,0.438479328886781,-1.04319266657971,-0.22230468448818,-1.33406853523076,-0.425926839142983,-0.901200766092559
"s Gulf St Lawrence",2003,-0.565034458000836,-1.30908977749894,-0.842477104909528,-0.565010478521724,-0.726838326129386,0.373805398094367,-0.781028473449596,0.678581838938417,-0.318178975028062,-0.59188099542848,-0.859619246036957,0.564832966097517,-0.834057080068515,-2.61273780033401,-1.07844591418158,0.426013279876244,-1.10064425501706,-0.219194248884744,-1.34883115713323
"s Gulf St Lawrence",2004,-0.89356369592952,-1.80799073825584,-1.02664968644644,-1.30961882392237,-0.840786310624698,-0.625330322019308,-0.797371418918811,0.314660737290503,-0.797897929032086,0.560976897841334,-0.411004844350562,-0.744138596648142,-0.946183495159327,0.567756986400818,-0.917461003278068,-2.61689662773948,-1.13674102222474,0.430222362417733,-1.11431758001565
"s Gulf St Lawrence",2005,-1.29284056677849,-1.90228331639698,-0.756330502213683,-1.80435224688632,-1.02492800780956,-1.37596597202527,-0.913546700201906,-0.785841018472889,-0.811529122607412,0.171794474814389,-0.890510640099995,0.514091222224146,-0.494883459248243,-0.714961382112705,-1.03096270912248,0.554938966978452,-0.971904156173171,-2.61784409466373,-1.15058279626694
"s Gulf St Lawrence",2006,-0.434161501988094,-0.769493740570416,-0.966420318693936,-1.89785715790731,-0.754654154064012,-1.87470406275457,-1.10128774328528,-1.61263144758113,-0.90842767439055,-1.00509781836121,-0.904135776792627,0.0893372846468057,-0.977259820835866,0.518032936796367,-0.574127235678794,-0.724287081817121,-1.08812166611181,0.559366528444106,-0.984976703090965
"s Gulf St Lawrence",2007,-0.628768316967817,0.568267974869839,-0.0858993813420648,-0.774530268545725,-0.964708740067501,-1.96896585836368,-0.825730951987694,-2.16196837295021,-1.06501722583484,-1.88927931011527,-1.00099127268648,-1.19512369317118,-0.990966524534105,0.101798013643367,-1.06242020263824,0.505350295710472,-0.620355293965463,-0.722027311248584,-1.10173655324219
"s New England",1982,-1.37569321729261,-0.639587464068108,3.26363942843981,-1.13316250088878,0.774736692002269,-0.609509687455488,0.227196967722769,-0.449862068158261,0.690852895510833,-2.31833366958442,0.10728741550204,-0.359555694185379,1.05229126066002,0.223624319258075,1.95684482520859,0.725683218012723,1.37683281712433,1.7221028605868,-0.828151636578858
"s New England",1983,-1.35783850529374,0.0327937325752689,-0.103215205036358,-0.597925471958727,3.18713921105662,-1.10585128823014,0.759400584298199,-0.68218685910462,0.257736233302199,-0.416158521199081,0.697475274032223,-2.33337191889244,0.102811444445264,-0.342694350736455,0.883368120929944,0.255101703109803,1.84165003306763,0.624575684887253,1.37897405809477
"s New England",1984,-0.96376462110139,-0.328954009484929,0.507941357026417,0.059209545407494,-0.139072698651896,-0.574560082998744,3.17024906906537,-1.20129497837826,0.803477131911794,-0.639757762437264,0.263882071362053,-0.424782404097073,0.690518659153374,-2.33664610299681,0.0126380529241715,-0.326612174450059,0.808654930793652,0.182965244142699,1.84687239225152
"s New England",1985,-0.522777349812238,0.910024893785275,-0.478836148236738,-0.294335601226048,0.46470633451975,0.0777304658711118,-0.153820143761806,-0.645634163520405,3.27564864204647,-1.13936945311114,0.810223426251432,-0.649135649225761,0.25874791061192,-0.408586459076937,0.551600897937964,-2.37476892246237,-0.0292392611041251,-0.362935760722379,0.807029910158422
"s New England",1986,-0.498484388160384,0.57396446571701,-1.00552950003691,0.916549574000939,-0.510159362859638,-0.273208308738955,0.449569943820528,0.0365760713567928,-0.132972537422122,-0.604577896506693,3.28511496508791,-1.15043209140605,0.802792914793366,-0.635228403068475,0.155641166282784,-0.394295540502085,0.489398895632601,-2.28499894331519,-0.0364184027294069
"s New England",1987,-0.247406977486175,-1.3617870054,-0.643642412163779,0.588109283973215,-1.03049477684015,0.928750093558454,-0.524667759388252,-0.330459790605416,0.485765551447355,0.0520101940801763,-0.127256580163846,-0.613837152500057,3.26728213118728,-1.14163872981286,0.654563139556164,-0.627098679516195,0.108371098879086,-0.426452240156291,0.485657633277074
"s New England",1988,-0.0157541468423019,-0.238554800304388,-0.956087620858794,-1.30374920781599,-0.672976180793565,0.602731099909598,-1.04466798093393,0.926630819345364,-0.513253138109318,-0.301240700530123,0.492162280793539,0.044965033143757,-0.13074672932435,-0.59956981514253,2.91464790001494,-1.1472756230199,0.588478354820513,-0.64492299085704,0.102104130409105
"s New England",1989,0.30432821588854,0.850719095935748,-0.0990950484381823,-0.205986185461147,-0.981649731459969,-1.27518041200356,-0.68737969311832,0.585657775021846,-1.04648023267436,0.908636667303331,-0.507955587965745,-0.309477066532292,0.486068625734868,0.0659530212868824,-0.201548832417395,-0.590470723296933,2.76333364415518,-1.13307554681371,0.585393857136802
"s New England",1990,0.61580555293819,0.631384522815618,1.03600809435931,0.858588529441216,-0.135002278203548,-0.185510214163817,-0.995854400814906,-1.37839100023717,-0.680103858703334,0.580469734782492,-1.04176937038632,0.904480155227899,-0.509845604849511,-0.292104855063175,0.364107927090005,0.0931441569748599,-0.23534900027898,-0.610550013217029,2.77466553642813
"s New England",1991,0.339792907607622,1.13234647103927,-0.887418344222527,0.644227346773052,0.986398555316375,0.871216343918292,-0.149752345418554,-0.238739102942463,-0.996425016496156,-1.3098141824603,-0.674989887549759,0.575206603818347,-1.04141569173762,0.934236330706079,-0.549205290226999,-0.274647418119166,0.308976423654612,0.0309785190684815,-0.243894374585756
"s New England",1992,0.0810106085113249,-0.571959985592645,-0.906645741680681,1.13383003077013,-0.913809390654166,0.65843545444534,0.970926098147287,0.86645807435713,-0.128801269407272,-0.212964817083764,-0.991659080511119,-1.32145158115393,-0.676177835427278,0.60160375499427,-1.03668701443169,0.985031494447999,-0.569895075438165,-0.314170184048158,0.304039200939913
"s New England",1993,0.433605356009308,0.0304760108948446,-1.29600054020832,-0.531831440084755,-0.932804686079791,1.14442873593658,-0.928057761760711,0.643917213024363,1.02038306868402,0.850723863130425,-0.123080722674246,-0.22090350604916,-0.991516022564294,-1.31440284380937,-0.701741944476186,0.643356399360793,-1.03899350258093,0.867957337238282,-0.58065804403805
"s New England",1994,1.051524514248,-0.256110505279367,1.04836856415384,0.0569443778443334,-1.31745941844869,-0.508953303282623,-0.947040820695886,1.1522023495932,-0.926903882915316,0.636541091090452,1.02736801571065,0.846372062021745,-0.126588423559906,-0.202627727497518,-0.990926018156935,-1.32473627897368,-0.716679459420258,0.547317268399143,-1.05286596811467
"s New England",1995,1.44883841504672,1.36640065033855,-1.00552950003691,-0.223143816506156,0.998609816661419,0.0754819973615836,-1.33144776413317,-0.577018089476073,-0.946369800317952,1.12573628376224,-0.922061455684446,0.631467039572946,1.01902481454446,0.87553545834593,-0.197735416061165,-0.182737880985876,-0.994958187386307,-1.29961094187005,-0.728415412719129
"s New England",1996,1.65978570109923,-2.01528660360211,-0.617548087041998,1.36257705395622,-1.03049477684015,-0.202541357347316,0.983129493177042,0.0342244686351884,-1.34055462772132,-0.538538874022012,-0.941548790635915,1.12231185805048,-0.922210926490224,0.65843812136111,0.852860790080107,0.92473485602515,-0.231679390679428,-0.227919003505223,-1.00853875751034
"s New England",1997,1.67590221701156,0.725476880956116,-0.318150040907874,-1.94243076517836,-0.64719685128736,1.37148941199737,-1.04466798093393,-0.256551441648846,1.03289687272857,0.0497469117928986,-1.33616732340315,-0.547575438383675,-0.941616353390964,1.15429020406271,-0.92736907888644,0.701735791370299,0.779298053997233,0.811372825892097,-0.240200440368729
"s New England",1998,1.57004655286739,-0.115720159038517,-0.0599535607555098,0.736186169698732,-0.351412965374059,-1.90915354171852,-0.661616970277725,1.38967799202769,-1.04648023267436,-0.230108168007275,1.03989558817945,0.0426941187927903,-1.33457624813094,-0.532632144190036,-0.945165021882179,1.21106746805203,-0.933798027393769,0.602102567479655,0.777478436422206
"s New England",1999,1.27777652133725,1.71467865104229,0.718069343533395,-0.0859368079289047,-0.0963332839442401,0.749716347251861,-0.366023624001436,-2.04144362069597,-0.653685827942615,1.35429292313166,-1.04176937038632,-0.23810466644117,1.0314997318378,0.0636589406158132,-1.30553286754588,-0.5217133713188,-0.95092287219168,1.08007753908682,-0.946973187226559
"s New England",2000,0.545350114449448,0.267473420260472,-0.957461006391519,1.70295788432931,0.672297777385507,-0.0663458532751768,-0.111108261157663,0.739385037031977,-0.350573685530152,-1.94796417167005,-0.648542790115624,1.35163921826103,-1.04141569173762,-0.220004362401635,0.864301039148796,0.0907877123910787,-1.29770097934937,-0.546025667168809,-0.964211546906019
"s New England",2001,-0.199255603204105,1.30444076165816,0.49832765829734,0.28856789363672,-0.983006538276085,1.7093609190717,0.657027659326365,-0.114108833851978,-0.0891742232661927,0.728423377624787,-0.345097145871331,-1.96175348989581,-0.649841898919131,1.38595700566727,-1.03668701443169,-0.200586894632405,0.79030688279589,0.0287671476093871,-1.31328833041507
"s New England",2002,-0.730898873408115,0.731351821597349,-0.0647604101200486,1.30202209982119,0.455208686806938,0.305397960222503,-0.99721033359599,1.74304720855067,0.698500220204726,-0.0930153554252486,-0.0834100765230426,0.723659164374763,-0.347671680036188,-1.96123667612373,-0.677590307553398,1.4490320639651,-1.03899350258093,-0.244669153125794,0.788560239073287
"s New England",2003,-1.17500916733628,-0.571668542458876,0.965278739423955,0.741927896623244,-0.101082107800646,1.31138087535624,0.440078414352941,0.27468636601684,-0.997815439167773,1.69439045800779,0.705131012763157,-0.100549560188222,-0.0870845187976864,0.751570727371819,-0.400482052334042,-1.98915410001448,-0.693438598623093,1.30339198462864,-1.05286596811467
"s New England",2004,-1.0523338296596,-1.94704974402876,0.278585973061286,-0.531546605396148,0.916523004286397,0.755415745561301,-0.115854025891457,1.32681235803817,0.476032592746037,0.281177649693122,-0.993051033007652,1.69288360347095,0.698142219721521,-0.0810460127274497,-0.161507960676983,0.797400180062036,-0.426780301055625,-1.92312427058399,-0.705020496011292
"s New England",2005,-0.878600175756661,-1.59259844785515,1.34639322475524,-1.87574116986457,0.238119596228368,-0.508670568425313,0.901095559921466,0.745345859040019,-0.0940407026168516,1.29378836826795,0.482418613317805,0.274905269344654,-0.992902124485775,1.73068253346523,0.558592161257718,-0.0578510028259942,-0.19681809948368,0.691877434353531,-0.436594609573997
"s New England",2006,-0.97980592660613,-0.167539439392481,-0.108022054400897,-1.52932702290551,1.2930368957586,-1.84295558911893,0.223129169379517,-0.57672238595293,0.94877630109575,0.734160325768482,-0.0882819102609098,1.2909306346649,0.476365912284499,0.298238951024837,-0.992197156942345,1.80312885450736,0.49612651323178,-0.110720712537983,-0.205108065306973
"s New England",2007,-1.00614389505486,-0.464714672110658,-0.154717162513558,-0.136581091060707,-0.143821522508303,-1.49909524370336,1.27736690667225,-1.97220925746689,0.253564965287349,-0.538254276398414,0.955682462139177,0.729415458206735,-0.0919358755228714,1.32462911448697,0.355209955592136,0.331744711838729,-0.996181390586158,1.63568901454886,0.49242984600829
