"region","year","lag","com_val","prey_val","variable"
"Connecticut",1984,-3,11.1654367693832,3.3826939100976,"effort"
"Connecticut",1985,-3,11.2791506009874,2.74566706467352,"effort"
"Connecticut",1986,-3,11.3375596607423,2.84983907337359,"effort"
"Connecticut",1987,-3,11.5165190004804,3.03375034074151,"effort"
"Connecticut",1988,-3,11.5257429686808,2.35517754311322,"effort"
"Connecticut",1989,-3,11.5868076973609,2.84723226523555,"effort"
"Connecticut",1990,-3,11.6546333388789,3.40734511224839,"effort"
"Connecticut",1991,-3,11.6155271786309,3.9010631651918,"effort"
"Connecticut",1992,-3,11.6951053450618,3.91442013002787,"effort"
"Connecticut",1993,-3,11.7780551329515,4.00049165341575,"effort"
"Connecticut",1994,-3,11.8038771862896,3.76757510106227,"effort"
"Connecticut",1995,-3,11.9736802047952,3.98731598946358,"effort"
"Connecticut",1996,-3,11.9962709445872,3.90439397826365,"effort"
"Connecticut",1997,-3,11.7149352634336,4.73175878308767,"effort"
"Connecticut",1998,-3,11.7076777721815,4.46014441393783,"effort"
"Connecticut",1999,-3,11.6761576400479,4.46279984469636,"effort"
"Connecticut",2000,-3,11.3509710819684,4.03140476244823,"effort"
"Connecticut",2001,-3,11.3394169589081,3.71161894108343,"effort"
"Connecticut",2002,-3,11.3379290139613,3.0248055210397,"effort"
"Connecticut",2003,-3,11.4122318202876,2.79116510781272,"effort"
"Connecticut",2004,-3,11.3119347182972,2.3767644911683,"effort"
"Connecticut",1984,-2,11.0947701760455,3.3826939100976,"effort"
"Connecticut",1985,-2,11.1654367693832,2.74566706467352,"effort"
"Connecticut",1986,-2,11.2791506009874,2.84983907337359,"effort"
"Connecticut",1987,-2,11.3375596607423,3.03375034074151,"effort"
"Connecticut",1988,-2,11.5165190004804,2.35517754311322,"effort"
"Connecticut",1989,-2,11.5257429686808,2.84723226523555,"effort"
"Connecticut",1990,-2,11.5868076973609,3.40734511224839,"effort"
"Connecticut",1991,-2,11.6546333388789,3.9010631651918,"effort"
"Connecticut",1992,-2,11.6155271786309,3.91442013002787,"effort"
"Connecticut",1993,-2,11.6951053450618,4.00049165341575,"effort"
"Connecticut",1994,-2,11.7780551329515,3.76757510106227,"effort"
"Connecticut",1995,-2,11.8038771862896,3.98731598946358,"effort"
"Connecticut",1996,-2,11.9736802047952,3.90439397826365,"effort"
"Connecticut",1997,-2,11.9962709445872,4.73175878308767,"effort"
"Connecticut",1998,-2,11.7149352634336,4.46014441393783,"effort"
"Connecticut",1999,-2,11.7076777721815,4.46279984469636,"effort"
"Connecticut",2000,-2,11.6761576400479,4.03140476244823,"effort"
"Connecticut",2001,-2,11.3509710819684,3.71161894108343,"effort"
"Connecticut",2002,-2,11.3394169589081,3.0248055210397,"effort"
"Connecticut",2003,-2,11.3379290139613,2.79116510781272,"effort"
"Connecticut",2004,-2,11.4122318202876,2.3767644911683,"effort"
"Connecticut",1984,-1,11.0861652163219,3.3826939100976,"effort"
"Connecticut",1985,-1,11.0947701760455,2.74566706467352,"effort"
"Connecticut",1986,-1,11.1654367693832,2.84983907337359,"effort"
"Connecticut",1987,-1,11.2791506009874,3.03375034074151,"effort"
"Connecticut",1988,-1,11.3375596607423,2.35517754311322,"effort"
"Connecticut",1989,-1,11.5165190004804,2.84723226523555,"effort"
"Connecticut",1990,-1,11.5257429686808,3.40734511224839,"effort"
"Connecticut",1991,-1,11.5868076973609,3.9010631651918,"effort"
"Connecticut",1992,-1,11.6546333388789,3.91442013002787,"effort"
"Connecticut",1993,-1,11.6155271786309,4.00049165341575,"effort"
"Connecticut",1994,-1,11.6951053450618,3.76757510106227,"effort"
"Connecticut",1995,-1,11.7780551329515,3.98731598946358,"effort"
"Connecticut",1996,-1,11.8038771862896,3.90439397826365,"effort"
"Connecticut",1997,-1,11.9736802047952,4.73175878308767,"effort"
"Connecticut",1998,-1,11.9962709445872,4.46014441393783,"effort"
"Connecticut",1999,-1,11.7149352634336,4.46279984469636,"effort"
"Connecticut",2000,-1,11.7076777721815,4.03140476244823,"effort"
"Connecticut",2001,-1,11.6761576400479,3.71161894108343,"effort"
"Connecticut",2002,-1,11.3509710819684,3.0248055210397,"effort"
"Connecticut",2003,-1,11.3394169589081,2.79116510781272,"effort"
"Connecticut",2004,-1,11.3379290139613,2.3767644911683,"effort"
"Connecticut",1984,0,11.1080951553349,3.3826939100976,"effort"
"Connecticut",1985,0,11.0861652163219,2.74566706467352,"effort"
"Connecticut",1986,0,11.0947701760455,2.84983907337359,"effort"
"Connecticut",1987,0,11.1654367693832,3.03375034074151,"effort"
"Connecticut",1988,0,11.2791506009874,2.35517754311322,"effort"
"Connecticut",1989,0,11.3375596607423,2.84723226523555,"effort"
"Connecticut",1990,0,11.5165190004804,3.40734511224839,"effort"
"Connecticut",1991,0,11.5257429686808,3.9010631651918,"effort"
"Connecticut",1992,0,11.5868076973609,3.91442013002787,"effort"
"Connecticut",1993,0,11.6546333388789,4.00049165341575,"effort"
"Connecticut",1994,0,11.6155271786309,3.76757510106227,"effort"
"Connecticut",1995,0,11.6951053450618,3.98731598946358,"effort"
"Connecticut",1996,0,11.7780551329515,3.90439397826365,"effort"
"Connecticut",1997,0,11.8038771862896,4.73175878308767,"effort"
"Connecticut",1998,0,11.9736802047952,4.46014441393783,"effort"
"Connecticut",1999,0,11.9962709445872,4.46279984469636,"effort"
"Connecticut",2000,0,11.7149352634336,4.03140476244823,"effort"
"Connecticut",2001,0,11.7076777721815,3.71161894108343,"effort"
"Connecticut",2002,0,11.6761576400479,3.0248055210397,"effort"
"Connecticut",2003,0,11.3509710819684,2.79116510781272,"effort"
"Connecticut",2004,0,11.3394169589081,2.3767644911683,"effort"
"Connecticut",1984,1,9.90338754753579,3.3826939100976,"effort"
"Connecticut",1985,1,11.1080951553349,2.74566706467352,"effort"
"Connecticut",1986,1,11.0861652163219,2.84983907337359,"effort"
"Connecticut",1987,1,11.0947701760455,3.03375034074151,"effort"
"Connecticut",1988,1,11.1654367693832,2.35517754311322,"effort"
"Connecticut",1989,1,11.2791506009874,2.84723226523555,"effort"
"Connecticut",1990,1,11.3375596607423,3.40734511224839,"effort"
"Connecticut",1991,1,11.5165190004804,3.9010631651918,"effort"
"Connecticut",1992,1,11.5257429686808,3.91442013002787,"effort"
"Connecticut",1993,1,11.5868076973609,4.00049165341575,"effort"
"Connecticut",1994,1,11.6546333388789,3.76757510106227,"effort"
"Connecticut",1995,1,11.6155271786309,3.98731598946358,"effort"
"Connecticut",1996,1,11.6951053450618,3.90439397826365,"effort"
"Connecticut",1997,1,11.7780551329515,4.73175878308767,"effort"
"Connecticut",1998,1,11.8038771862896,4.46014441393783,"effort"
"Connecticut",1999,1,11.9736802047952,4.46279984469636,"effort"
"Connecticut",2000,1,11.9962709445872,4.03140476244823,"effort"
"Connecticut",2001,1,11.7149352634336,3.71161894108343,"effort"
"Connecticut",2002,1,11.7076777721815,3.0248055210397,"effort"
"Connecticut",2003,1,11.6761576400479,2.79116510781272,"effort"
"Connecticut",2004,1,11.3509710819684,2.3767644911683,"effort"
"Connecticut",1984,2,9.60447486374196,3.3826939100976,"effort"
"Connecticut",1985,2,9.90338754753579,2.74566706467352,"effort"
"Connecticut",1986,2,11.1080951553349,2.84983907337359,"effort"
"Connecticut",1987,2,11.0861652163219,3.03375034074151,"effort"
"Connecticut",1988,2,11.0947701760455,2.35517754311322,"effort"
"Connecticut",1989,2,11.1654367693832,2.84723226523555,"effort"
"Connecticut",1990,2,11.2791506009874,3.40734511224839,"effort"
"Connecticut",1991,2,11.3375596607423,3.9010631651918,"effort"
"Connecticut",1992,2,11.5165190004804,3.91442013002787,"effort"
"Connecticut",1993,2,11.5257429686808,4.00049165341575,"effort"
"Connecticut",1994,2,11.5868076973609,3.76757510106227,"effort"
"Connecticut",1995,2,11.6546333388789,3.98731598946358,"effort"
"Connecticut",1996,2,11.6155271786309,3.90439397826365,"effort"
"Connecticut",1997,2,11.6951053450618,4.73175878308767,"effort"
"Connecticut",1998,2,11.7780551329515,4.46014441393783,"effort"
"Connecticut",1999,2,11.8038771862896,4.46279984469636,"effort"
"Connecticut",2000,2,11.9736802047952,4.03140476244823,"effort"
"Connecticut",2001,2,11.9962709445872,3.71161894108343,"effort"
"Connecticut",2002,2,11.7149352634336,3.0248055210397,"effort"
"Connecticut",2003,2,11.7076777721815,2.79116510781272,"effort"
"Connecticut",2004,2,11.6761576400479,2.3767644911683,"effort"
"Connecticut",1984,3,9.66871413573975,3.3826939100976,"effort"
"Connecticut",1985,3,9.60447486374196,2.74566706467352,"effort"
"Connecticut",1986,3,9.90338754753579,2.84983907337359,"effort"
"Connecticut",1987,3,11.1080951553349,3.03375034074151,"effort"
"Connecticut",1988,3,11.0861652163219,2.35517754311322,"effort"
"Connecticut",1989,3,11.0947701760455,2.84723226523555,"effort"
"Connecticut",1990,3,11.1654367693832,3.40734511224839,"effort"
"Connecticut",1991,3,11.2791506009874,3.9010631651918,"effort"
"Connecticut",1992,3,11.3375596607423,3.91442013002787,"effort"
"Connecticut",1993,3,11.5165190004804,4.00049165341575,"effort"
"Connecticut",1994,3,11.5257429686808,3.76757510106227,"effort"
"Connecticut",1995,3,11.5868076973609,3.98731598946358,"effort"
"Connecticut",1996,3,11.6546333388789,3.90439397826365,"effort"
"Connecticut",1997,3,11.6155271786309,4.73175878308767,"effort"
"Connecticut",1998,3,11.6951053450618,4.46014441393783,"effort"
"Connecticut",1999,3,11.7780551329515,4.46279984469636,"effort"
"Connecticut",2000,3,11.8038771862896,4.03140476244823,"effort"
"Connecticut",2001,3,11.9736802047952,3.71161894108343,"effort"
"Connecticut",2002,3,11.9962709445872,3.0248055210397,"effort"
"Connecticut",2003,3,11.7149352634336,2.79116510781272,"effort"
"Connecticut",2004,3,11.7076777721815,2.3767644911683,"effort"
"Georges Bank",1985,-3,10.5899121873352,14.279867021945,"effort"
"Georges Bank",1986,-3,10.5754877024946,14.1858181535943,"effort"
"Georges Bank",1987,-3,10.488241846668,14.2768769938143,"effort"
"Georges Bank",1988,-3,10.512818247003,14.4775746251105,"effort"
"Georges Bank",1989,-3,10.5647569941981,14.3689242957429,"effort"
"Georges Bank",1990,-3,10.6699084287665,14.4927874693632,"effort"
"Georges Bank",1991,-3,10.7767455145929,14.4540959505315,"effort"
"Georges Bank",1992,-3,10.7027949289245,14.3190396264976,"effort"
"Georges Bank",1993,-3,10.6456153553177,14.3329582076391,"effort"
"Georges Bank",1994,-3,10.6206929981891,14.5793072370465,"effort"
"Georges Bank",1995,-3,10.721658160408,14.4735019523493,"effort"
"Georges Bank",1996,-3,10.7777263671784,14.4040580444793,"effort"
"Georges Bank",1997,-3,10.6325808598695,14.7091997893484,"effort"
"Georges Bank",1998,-3,10.6188608918542,14.7059253774249,"effort"
"Georges Bank",1999,-3,10.7661032084632,14.4897501105966,"effort"
"Georges Bank",2000,-3,10.6650874587305,14.4975462337695,"effort"
"Georges Bank",2001,-3,10.6901706124872,14.8835605410497,"effort"
"Georges Bank",2002,-3,10.6138359404158,15.2233291028669,"effort"
"Georges Bank",2003,-3,10.6010001906057,15.4841150886675,"effort"
"Georges Bank",2004,-3,10.6527078359769,15.5447827341805,"effort"
"Georges Bank",1985,-2,10.5884513402881,14.279867021945,"effort"
"Georges Bank",1986,-2,10.5899121873352,14.1858181535943,"effort"
"Georges Bank",1987,-2,10.5754877024946,14.2768769938143,"effort"
"Georges Bank",1988,-2,10.488241846668,14.4775746251105,"effort"
"Georges Bank",1989,-2,10.512818247003,14.3689242957429,"effort"
"Georges Bank",1990,-2,10.5647569941981,14.4927874693632,"effort"
"Georges Bank",1991,-2,10.6699084287665,14.4540959505315,"effort"
"Georges Bank",1992,-2,10.7767455145929,14.3190396264976,"effort"
"Georges Bank",1993,-2,10.7027949289245,14.3329582076391,"effort"
"Georges Bank",1994,-2,10.6456153553177,14.5793072370465,"effort"
"Georges Bank",1995,-2,10.6206929981891,14.4735019523493,"effort"
"Georges Bank",1996,-2,10.721658160408,14.4040580444793,"effort"
"Georges Bank",1997,-2,10.7777263671784,14.7091997893484,"effort"
"Georges Bank",1998,-2,10.6325808598695,14.7059253774249,"effort"
"Georges Bank",1999,-2,10.6188608918542,14.4897501105966,"effort"
"Georges Bank",2000,-2,10.7661032084632,14.4975462337695,"effort"
"Georges Bank",2001,-2,10.6650874587305,14.8835605410497,"effort"
"Georges Bank",2002,-2,10.6901706124872,15.2233291028669,"effort"
"Georges Bank",2003,-2,10.6138359404158,15.4841150886675,"effort"
"Georges Bank",2004,-2,10.6010001906057,15.5447827341805,"effort"
"Georges Bank",1985,-1,10.5173209263763,14.279867021945,"effort"
"Georges Bank",1986,-1,10.5884513402881,14.1858181535943,"effort"
"Georges Bank",1987,-1,10.5899121873352,14.2768769938143,"effort"
"Georges Bank",1988,-1,10.5754877024946,14.4775746251105,"effort"
"Georges Bank",1989,-1,10.488241846668,14.3689242957429,"effort"
"Georges Bank",1990,-1,10.512818247003,14.4927874693632,"effort"
"Georges Bank",1991,-1,10.5647569941981,14.4540959505315,"effort"
"Georges Bank",1992,-1,10.6699084287665,14.3190396264976,"effort"
"Georges Bank",1993,-1,10.7767455145929,14.3329582076391,"effort"
"Georges Bank",1994,-1,10.7027949289245,14.5793072370465,"effort"
"Georges Bank",1995,-1,10.6456153553177,14.4735019523493,"effort"
"Georges Bank",1996,-1,10.6206929981891,14.4040580444793,"effort"
"Georges Bank",1997,-1,10.721658160408,14.7091997893484,"effort"
"Georges Bank",1998,-1,10.7777263671784,14.7059253774249,"effort"
"Georges Bank",1999,-1,10.6325808598695,14.4897501105966,"effort"
"Georges Bank",2000,-1,10.6188608918542,14.4975462337695,"effort"
"Georges Bank",2001,-1,10.7661032084632,14.8835605410497,"effort"
"Georges Bank",2002,-1,10.6650874587305,15.2233291028669,"effort"
"Georges Bank",2003,-1,10.6901706124872,15.4841150886675,"effort"
"Georges Bank",2004,-1,10.6138359404158,15.5447827341805,"effort"
"Georges Bank",1985,0,10.461673747662,14.279867021945,"effort"
"Georges Bank",1986,0,10.5173209263763,14.1858181535943,"effort"
"Georges Bank",1987,0,10.5884513402881,14.2768769938143,"effort"
"Georges Bank",1988,0,10.5899121873352,14.4775746251105,"effort"
"Georges Bank",1989,0,10.5754877024946,14.3689242957429,"effort"
"Georges Bank",1990,0,10.488241846668,14.4927874693632,"effort"
"Georges Bank",1991,0,10.512818247003,14.4540959505315,"effort"
"Georges Bank",1992,0,10.5647569941981,14.3190396264976,"effort"
"Georges Bank",1993,0,10.6699084287665,14.3329582076391,"effort"
"Georges Bank",1994,0,10.7767455145929,14.5793072370465,"effort"
"Georges Bank",1995,0,10.7027949289245,14.4735019523493,"effort"
"Georges Bank",1996,0,10.6456153553177,14.4040580444793,"effort"
"Georges Bank",1997,0,10.6206929981891,14.7091997893484,"effort"
"Georges Bank",1998,0,10.721658160408,14.7059253774249,"effort"
"Georges Bank",1999,0,10.7777263671784,14.4897501105966,"effort"
"Georges Bank",2000,0,10.6325808598695,14.4975462337695,"effort"
"Georges Bank",2001,0,10.6188608918542,14.8835605410497,"effort"
"Georges Bank",2002,0,10.7661032084632,15.2233291028669,"effort"
"Georges Bank",2003,0,10.6650874587305,15.4841150886675,"effort"
"Georges Bank",2004,0,10.6901706124872,15.5447827341805,"effort"
"Georges Bank",1985,1,10.3304205672595,14.279867021945,"effort"
"Georges Bank",1986,1,10.461673747662,14.1858181535943,"effort"
"Georges Bank",1987,1,10.5173209263763,14.2768769938143,"effort"
"Georges Bank",1988,1,10.5884513402881,14.4775746251105,"effort"
"Georges Bank",1989,1,10.5899121873352,14.3689242957429,"effort"
"Georges Bank",1990,1,10.5754877024946,14.4927874693632,"effort"
"Georges Bank",1991,1,10.488241846668,14.4540959505315,"effort"
"Georges Bank",1992,1,10.512818247003,14.3190396264976,"effort"
"Georges Bank",1993,1,10.5647569941981,14.3329582076391,"effort"
"Georges Bank",1994,1,10.6699084287665,14.5793072370465,"effort"
"Georges Bank",1995,1,10.7767455145929,14.4735019523493,"effort"
"Georges Bank",1996,1,10.7027949289245,14.4040580444793,"effort"
"Georges Bank",1997,1,10.6456153553177,14.7091997893484,"effort"
"Georges Bank",1998,1,10.6206929981891,14.7059253774249,"effort"
"Georges Bank",1999,1,10.721658160408,14.4897501105966,"effort"
"Georges Bank",2000,1,10.7777263671784,14.4975462337695,"effort"
"Georges Bank",2001,1,10.6325808598695,14.8835605410497,"effort"
"Georges Bank",2002,1,10.6188608918542,15.2233291028669,"effort"
"Georges Bank",2003,1,10.7661032084632,15.4841150886675,"effort"
"Georges Bank",2004,1,10.6650874587305,15.5447827341805,"effort"
"Georges Bank",1985,2,10.2723578301747,14.279867021945,"effort"
"Georges Bank",1986,2,10.3304205672595,14.1858181535943,"effort"
"Georges Bank",1987,2,10.461673747662,14.2768769938143,"effort"
"Georges Bank",1988,2,10.5173209263763,14.4775746251105,"effort"
"Georges Bank",1989,2,10.5884513402881,14.3689242957429,"effort"
"Georges Bank",1990,2,10.5899121873352,14.4927874693632,"effort"
"Georges Bank",1991,2,10.5754877024946,14.4540959505315,"effort"
"Georges Bank",1992,2,10.488241846668,14.3190396264976,"effort"
"Georges Bank",1993,2,10.512818247003,14.3329582076391,"effort"
"Georges Bank",1994,2,10.5647569941981,14.5793072370465,"effort"
"Georges Bank",1995,2,10.6699084287665,14.4735019523493,"effort"
"Georges Bank",1996,2,10.7767455145929,14.4040580444793,"effort"
"Georges Bank",1997,2,10.7027949289245,14.7091997893484,"effort"
"Georges Bank",1998,2,10.6456153553177,14.7059253774249,"effort"
"Georges Bank",1999,2,10.6206929981891,14.4897501105966,"effort"
"Georges Bank",2000,2,10.721658160408,14.4975462337695,"effort"
"Georges Bank",2001,2,10.7777263671784,14.8835605410497,"effort"
"Georges Bank",2002,2,10.6325808598695,15.2233291028669,"effort"
"Georges Bank",2003,2,10.6188608918542,15.4841150886675,"effort"
"Georges Bank",2004,2,10.7661032084632,15.5447827341805,"effort"
"Georges Bank",1985,3,10.2241207251276,14.279867021945,"effort"
"Georges Bank",1986,3,10.2723578301747,14.1858181535943,"effort"
"Georges Bank",1987,3,10.3304205672595,14.2768769938143,"effort"
"Georges Bank",1988,3,10.461673747662,14.4775746251105,"effort"
"Georges Bank",1989,3,10.5173209263763,14.3689242957429,"effort"
"Georges Bank",1990,3,10.5884513402881,14.4927874693632,"effort"
"Georges Bank",1991,3,10.5899121873352,14.4540959505315,"effort"
"Georges Bank",1992,3,10.5754877024946,14.3190396264976,"effort"
"Georges Bank",1993,3,10.488241846668,14.3329582076391,"effort"
"Georges Bank",1994,3,10.512818247003,14.5793072370465,"effort"
"Georges Bank",1995,3,10.5647569941981,14.4735019523493,"effort"
"Georges Bank",1996,3,10.6699084287665,14.4040580444793,"effort"
"Georges Bank",1997,3,10.7767455145929,14.7091997893484,"effort"
"Georges Bank",1998,3,10.7027949289245,14.7059253774249,"effort"
"Georges Bank",1999,3,10.6456153553177,14.4897501105966,"effort"
"Georges Bank",2000,3,10.6206929981891,14.4975462337695,"effort"
"Georges Bank",2001,3,10.721658160408,14.8835605410497,"effort"
"Georges Bank",2002,3,10.7777263671784,15.2233291028669,"effort"
"Georges Bank",2003,3,10.6325808598695,15.4841150886675,"effort"
"Georges Bank",2004,3,10.6188608918542,15.5447827341805,"effort"
"Gulf of Maine",1985,-3,14.6950082514966,17.7311191275675,"effort"
"Gulf of Maine",1986,-3,14.6898532448946,17.6466358236164,"effort"
"Gulf of Maine",1987,-3,14.7500328797799,17.6286939625026,"effort"
"Gulf of Maine",1988,-3,14.7094701966648,17.8619438197031,"effort"
"Gulf of Maine",1989,-3,14.7053838005031,17.9784510240032,"effort"
"Gulf of Maine",1990,-3,14.6143821379683,17.9915549156697,"effort"
"Gulf of Maine",1991,-3,14.8528578948485,18.0388872395775,"effort"
"Gulf of Maine",1992,-3,14.9228595700748,18.0582305840828,"effort"
"Gulf of Maine",1993,-3,14.8831851741861,18.1258290309422,"effort"
"Gulf of Maine",1994,-3,14.9264350724829,18.184845745857,"effort"
"Gulf of Maine",1995,-3,14.9968401282883,18.1545722787053,"effort"
"Gulf of Maine",1996,-3,15.0573633694064,18.210671804718,"effort"
"Gulf of Maine",1997,-3,14.9795587774774,18.3096854940661,"effort"
"Gulf of Maine",1998,-3,15.0360011887657,18.3828407571576,"effort"
"Gulf of Maine",1999,-3,15.0727918747611,18.508808830523,"effort"
"Gulf of Maine",2000,-3,15.1029490356957,18.4458191108381,"effort"
"Gulf of Maine",2001,-3,15.1038659620707,18.4438639252413,"effort"
"Gulf of Maine",2002,-3,15.108111631405,18.5047516352817,"effort"
"Gulf of Maine",2003,-3,15.1083688570236,18.5481614932984,"effort"
"Gulf of Maine",2004,-3,15.1024872198902,18.6459532274814,"effort"
"Gulf of Maine",1985,-2,14.6331599278023,17.7311191275675,"effort"
"Gulf of Maine",1986,-2,14.6950082514966,17.6466358236164,"effort"
"Gulf of Maine",1987,-2,14.6898532448946,17.6286939625026,"effort"
"Gulf of Maine",1988,-2,14.7500328797799,17.8619438197031,"effort"
"Gulf of Maine",1989,-2,14.7094701966648,17.9784510240032,"effort"
"Gulf of Maine",1990,-2,14.7053838005031,17.9915549156697,"effort"
"Gulf of Maine",1991,-2,14.6143821379683,18.0388872395775,"effort"
"Gulf of Maine",1992,-2,14.8528578948485,18.0582305840828,"effort"
"Gulf of Maine",1993,-2,14.9228595700748,18.1258290309422,"effort"
"Gulf of Maine",1994,-2,14.8831851741861,18.184845745857,"effort"
"Gulf of Maine",1995,-2,14.9264350724829,18.1545722787053,"effort"
"Gulf of Maine",1996,-2,14.9968401282883,18.210671804718,"effort"
"Gulf of Maine",1997,-2,15.0573633694064,18.3096854940661,"effort"
"Gulf of Maine",1998,-2,14.9795587774774,18.3828407571576,"effort"
"Gulf of Maine",1999,-2,15.0360011887657,18.508808830523,"effort"
"Gulf of Maine",2000,-2,15.0727918747611,18.4458191108381,"effort"
"Gulf of Maine",2001,-2,15.1029490356957,18.4438639252413,"effort"
"Gulf of Maine",2002,-2,15.1038659620707,18.5047516352817,"effort"
"Gulf of Maine",2003,-2,15.108111631405,18.5481614932984,"effort"
"Gulf of Maine",2004,-2,15.1083688570236,18.6459532274814,"effort"
"Gulf of Maine",1985,-1,14.4713260001342,17.7311191275675,"effort"
"Gulf of Maine",1986,-1,14.6331599278023,17.6466358236164,"effort"
"Gulf of Maine",1987,-1,14.6950082514966,17.6286939625026,"effort"
"Gulf of Maine",1988,-1,14.6898532448946,17.8619438197031,"effort"
"Gulf of Maine",1989,-1,14.7500328797799,17.9784510240032,"effort"
"Gulf of Maine",1990,-1,14.7094701966648,17.9915549156697,"effort"
"Gulf of Maine",1991,-1,14.7053838005031,18.0388872395775,"effort"
"Gulf of Maine",1992,-1,14.6143821379683,18.0582305840828,"effort"
"Gulf of Maine",1993,-1,14.8528578948485,18.1258290309422,"effort"
"Gulf of Maine",1994,-1,14.9228595700748,18.184845745857,"effort"
"Gulf of Maine",1995,-1,14.8831851741861,18.1545722787053,"effort"
"Gulf of Maine",1996,-1,14.9264350724829,18.210671804718,"effort"
"Gulf of Maine",1997,-1,14.9968401282883,18.3096854940661,"effort"
"Gulf of Maine",1998,-1,15.0573633694064,18.3828407571576,"effort"
"Gulf of Maine",1999,-1,14.9795587774774,18.508808830523,"effort"
"Gulf of Maine",2000,-1,15.0360011887657,18.4458191108381,"effort"
"Gulf of Maine",2001,-1,15.0727918747611,18.4438639252413,"effort"
"Gulf of Maine",2002,-1,15.1029490356957,18.5047516352817,"effort"
"Gulf of Maine",2003,-1,15.1038659620707,18.5481614932984,"effort"
"Gulf of Maine",2004,-1,15.108111631405,18.6459532274814,"effort"
"Gulf of Maine",1985,0,14.5477620987549,17.7311191275675,"effort"
"Gulf of Maine",1986,0,14.4713260001342,17.6466358236164,"effort"
"Gulf of Maine",1987,0,14.6331599278023,17.6286939625026,"effort"
"Gulf of Maine",1988,0,14.6950082514966,17.8619438197031,"effort"
"Gulf of Maine",1989,0,14.6898532448946,17.9784510240032,"effort"
"Gulf of Maine",1990,0,14.7500328797799,17.9915549156697,"effort"
"Gulf of Maine",1991,0,14.7094701966648,18.0388872395775,"effort"
"Gulf of Maine",1992,0,14.7053838005031,18.0582305840828,"effort"
"Gulf of Maine",1993,0,14.6143821379683,18.1258290309422,"effort"
"Gulf of Maine",1994,0,14.8528578948485,18.184845745857,"effort"
"Gulf of Maine",1995,0,14.9228595700748,18.1545722787053,"effort"
"Gulf of Maine",1996,0,14.8831851741861,18.210671804718,"effort"
"Gulf of Maine",1997,0,14.9264350724829,18.3096854940661,"effort"
"Gulf of Maine",1998,0,14.9968401282883,18.3828407571576,"effort"
"Gulf of Maine",1999,0,15.0573633694064,18.508808830523,"effort"
"Gulf of Maine",2000,0,14.9795587774774,18.4458191108381,"effort"
"Gulf of Maine",2001,0,15.0360011887657,18.4438639252413,"effort"
"Gulf of Maine",2002,0,15.0727918747611,18.5047516352817,"effort"
"Gulf of Maine",2003,0,15.1029490356957,18.5481614932984,"effort"
"Gulf of Maine",2004,0,15.1038659620707,18.6459532274814,"effort"
"Gulf of Maine",1985,1,14.711665927192,17.7311191275675,"effort"
"Gulf of Maine",1986,1,14.5477620987549,17.6466358236164,"effort"
"Gulf of Maine",1987,1,14.4713260001342,17.6286939625026,"effort"
"Gulf of Maine",1988,1,14.6331599278023,17.8619438197031,"effort"
"Gulf of Maine",1989,1,14.6950082514966,17.9784510240032,"effort"
"Gulf of Maine",1990,1,14.6898532448946,17.9915549156697,"effort"
"Gulf of Maine",1991,1,14.7500328797799,18.0388872395775,"effort"
"Gulf of Maine",1992,1,14.7094701966648,18.0582305840828,"effort"
"Gulf of Maine",1993,1,14.7053838005031,18.1258290309422,"effort"
"Gulf of Maine",1994,1,14.6143821379683,18.184845745857,"effort"
"Gulf of Maine",1995,1,14.8528578948485,18.1545722787053,"effort"
"Gulf of Maine",1996,1,14.9228595700748,18.210671804718,"effort"
"Gulf of Maine",1997,1,14.8831851741861,18.3096854940661,"effort"
"Gulf of Maine",1998,1,14.9264350724829,18.3828407571576,"effort"
"Gulf of Maine",1999,1,14.9968401282883,18.508808830523,"effort"
"Gulf of Maine",2000,1,15.0573633694064,18.4458191108381,"effort"
"Gulf of Maine",2001,1,14.9795587774774,18.4438639252413,"effort"
"Gulf of Maine",2002,1,15.0360011887657,18.5047516352817,"effort"
"Gulf of Maine",2003,1,15.0727918747611,18.5481614932984,"effort"
"Gulf of Maine",2004,1,15.1029490356957,18.6459532274814,"effort"
"Gulf of Maine",1985,2,14.7708843012036,17.7311191275675,"effort"
"Gulf of Maine",1986,2,14.711665927192,17.6466358236164,"effort"
"Gulf of Maine",1987,2,14.5477620987549,17.6286939625026,"effort"
"Gulf of Maine",1988,2,14.4713260001342,17.8619438197031,"effort"
"Gulf of Maine",1989,2,14.6331599278023,17.9784510240032,"effort"
"Gulf of Maine",1990,2,14.6950082514966,17.9915549156697,"effort"
"Gulf of Maine",1991,2,14.6898532448946,18.0388872395775,"effort"
"Gulf of Maine",1992,2,14.7500328797799,18.0582305840828,"effort"
"Gulf of Maine",1993,2,14.7094701966648,18.1258290309422,"effort"
"Gulf of Maine",1994,2,14.7053838005031,18.184845745857,"effort"
"Gulf of Maine",1995,2,14.6143821379683,18.1545722787053,"effort"
"Gulf of Maine",1996,2,14.8528578948485,18.210671804718,"effort"
"Gulf of Maine",1997,2,14.9228595700748,18.3096854940661,"effort"
"Gulf of Maine",1998,2,14.8831851741861,18.3828407571576,"effort"
"Gulf of Maine",1999,2,14.9264350724829,18.508808830523,"effort"
"Gulf of Maine",2000,2,14.9968401282883,18.4458191108381,"effort"
"Gulf of Maine",2001,2,15.0573633694064,18.4438639252413,"effort"
"Gulf of Maine",2002,2,14.9795587774774,18.5047516352817,"effort"
"Gulf of Maine",2003,2,15.0360011887657,18.5481614932984,"effort"
"Gulf of Maine",2004,2,15.0727918747611,18.6459532274814,"effort"
"Gulf of Maine",1985,3,14.6869775490013,17.7311191275675,"effort"
"Gulf of Maine",1986,3,14.7708843012036,17.6466358236164,"effort"
"Gulf of Maine",1987,3,14.711665927192,17.6286939625026,"effort"
"Gulf of Maine",1988,3,14.5477620987549,17.8619438197031,"effort"
"Gulf of Maine",1989,3,14.4713260001342,17.9784510240032,"effort"
"Gulf of Maine",1990,3,14.6331599278023,17.9915549156697,"effort"
"Gulf of Maine",1991,3,14.6950082514966,18.0388872395775,"effort"
"Gulf of Maine",1992,3,14.6898532448946,18.0582305840828,"effort"
"Gulf of Maine",1993,3,14.7500328797799,18.1258290309422,"effort"
"Gulf of Maine",1994,3,14.7094701966648,18.184845745857,"effort"
"Gulf of Maine",1995,3,14.7053838005031,18.1545722787053,"effort"
"Gulf of Maine",1996,3,14.6143821379683,18.210671804718,"effort"
"Gulf of Maine",1997,3,14.8528578948485,18.3096854940661,"effort"
"Gulf of Maine",1998,3,14.9228595700748,18.3828407571576,"effort"
"Gulf of Maine",1999,3,14.8831851741861,18.508808830523,"effort"
"Gulf of Maine",2000,3,14.9264350724829,18.4458191108381,"effort"
"Gulf of Maine",2001,3,14.9968401282883,18.4438639252413,"effort"
"Gulf of Maine",2002,3,15.0573633694064,18.5047516352817,"effort"
"Gulf of Maine",2003,3,14.9795587774774,18.5481614932984,"effort"
"Gulf of Maine",2004,3,15.0360011887657,18.6459532274814,"effort"
"Massachusetts",1985,-3,13.0390491574989,3.52929738428947,"effort"
"Massachusetts",1986,-3,13.0246336729094,2.51446545202954,"effort"
"Massachusetts",1987,-3,13.056996780173,0.955511445027436,"effort"
"Massachusetts",1988,-3,13.113758461075,2.49815187653802,"effort"
"Massachusetts",1989,-3,13.0930704998017,2.84723226523555,"effort"
"Massachusetts",1990,-3,13.0737968882178,4.23396156655802,"effort"
"Massachusetts",1991,-3,13.108278651707,3.34955314850982,"effort"
"Massachusetts",1992,-3,13.108373980495,3.07315617051879,"effort"
"Massachusetts",1993,-3,13.1290012975845,2.24918431626693,"effort"
"Massachusetts",1994,-3,13.1247545163517,3.8163927744129,"effort"
"Massachusetts",1995,-3,13.1585525770835,3.65351131027615,"effort"
"Massachusetts",1996,-3,13.144721560015,3.76584049525006,"effort"
"Massachusetts",1997,-3,13.1107097367423,2.7330679640775,"effort"
"Massachusetts",1998,-3,13.0855562292583,3.14759462286324,"effort"
"Massachusetts",1999,-3,13.1638354006102,3.1888289035159,"effort"
"Massachusetts",2000,-3,13.1007985182893,3.39785848039664,"effort"
"Massachusetts",2001,-3,13.0372955650143,1.4036429994545,"effort"
"Massachusetts",2002,-3,12.9775156241899,3.26116873705845,"effort"
"Massachusetts",2003,-3,12.9864428473482,0.482426149244293,"effort"
"Massachusetts",2004,-3,12.9768820102569,1.43508452528932,"effort"
"Massachusetts",1985,-2,13.0375916722944,3.52929738428947,"effort"
"Massachusetts",1986,-2,13.0390491574989,2.51446545202954,"effort"
"Massachusetts",1987,-2,13.0246336729094,0.955511445027436,"effort"
"Massachusetts",1988,-2,13.056996780173,2.49815187653802,"effort"
"Massachusetts",1989,-2,13.113758461075,2.84723226523555,"effort"
"Massachusetts",1990,-2,13.0930704998017,4.23396156655802,"effort"
"Massachusetts",1991,-2,13.0737968882178,3.34955314850982,"effort"
"Massachusetts",1992,-2,13.108278651707,3.07315617051879,"effort"
"Massachusetts",1993,-2,13.108373980495,2.24918431626693,"effort"
"Massachusetts",1994,-2,13.1290012975845,3.8163927744129,"effort"
"Massachusetts",1995,-2,13.1247545163517,3.65351131027615,"effort"
"Massachusetts",1996,-2,13.1585525770835,3.76584049525006,"effort"
"Massachusetts",1997,-2,13.144721560015,2.7330679640775,"effort"
"Massachusetts",1998,-2,13.1107097367423,3.14759462286324,"effort"
"Massachusetts",1999,-2,13.0855562292583,3.1888289035159,"effort"
"Massachusetts",2000,-2,13.1638354006102,3.39785848039664,"effort"
"Massachusetts",2001,-2,13.1007985182893,1.4036429994545,"effort"
"Massachusetts",2002,-2,13.0372955650143,3.26116873705845,"effort"
"Massachusetts",2003,-2,12.9775156241899,0.482426149244293,"effort"
"Massachusetts",2004,-2,12.9864428473482,1.43508452528932,"effort"
"Massachusetts",1985,-1,12.9664554879214,3.52929738428947,"effort"
"Massachusetts",1986,-1,13.0375916722944,2.51446545202954,"effort"
"Massachusetts",1987,-1,13.0390491574989,0.955511445027436,"effort"
"Massachusetts",1988,-1,13.0246336729094,2.49815187653802,"effort"
"Massachusetts",1989,-1,13.056996780173,2.84723226523555,"effort"
"Massachusetts",1990,-1,13.113758461075,4.23396156655802,"effort"
"Massachusetts",1991,-1,13.0930704998017,3.34955314850982,"effort"
"Massachusetts",1992,-1,13.0737968882178,3.07315617051879,"effort"
"Massachusetts",1993,-1,13.108278651707,2.24918431626693,"effort"
"Massachusetts",1994,-1,13.108373980495,3.8163927744129,"effort"
"Massachusetts",1995,-1,13.1290012975845,3.65351131027615,"effort"
"Massachusetts",1996,-1,13.1247545163517,3.76584049525006,"effort"
"Massachusetts",1997,-1,13.1585525770835,2.7330679640775,"effort"
"Massachusetts",1998,-1,13.144721560015,3.14759462286324,"effort"
"Massachusetts",1999,-1,13.1107097367423,3.1888289035159,"effort"
"Massachusetts",2000,-1,13.0855562292583,3.39785848039664,"effort"
"Massachusetts",2001,-1,13.1638354006102,1.4036429994545,"effort"
"Massachusetts",2002,-1,13.1007985182893,3.26116873705845,"effort"
"Massachusetts",2003,-1,13.0372955650143,0.482426149244293,"effort"
"Massachusetts",2004,-1,12.9775156241899,1.43508452528932,"effort"
"Massachusetts",1985,0,12.9108074297418,3.52929738428947,"effort"
"Massachusetts",1986,0,12.9664554879214,2.51446545202954,"effort"
"Massachusetts",1987,0,13.0375916722944,0.955511445027436,"effort"
"Massachusetts",1988,0,13.0390491574989,2.49815187653802,"effort"
"Massachusetts",1989,0,13.0246336729094,2.84723226523555,"effort"
"Massachusetts",1990,0,13.056996780173,4.23396156655802,"effort"
"Massachusetts",1991,0,13.113758461075,3.34955314850982,"effort"
"Massachusetts",1992,0,13.0930704998017,3.07315617051879,"effort"
"Massachusetts",1993,0,13.0737968882178,2.24918431626693,"effort"
"Massachusetts",1994,0,13.108278651707,3.8163927744129,"effort"
"Massachusetts",1995,0,13.108373980495,3.65351131027615,"effort"
"Massachusetts",1996,0,13.1290012975845,3.76584049525006,"effort"
"Massachusetts",1997,0,13.1247545163517,2.7330679640775,"effort"
"Massachusetts",1998,0,13.1585525770835,3.14759462286324,"effort"
"Massachusetts",1999,0,13.144721560015,3.1888289035159,"effort"
"Massachusetts",2000,0,13.1107097367423,3.39785848039664,"effort"
"Massachusetts",2001,0,13.0855562292583,1.4036429994545,"effort"
"Massachusetts",2002,0,13.1638354006102,3.26116873705845,"effort"
"Massachusetts",2003,0,13.1007985182893,0.482426149244293,"effort"
"Massachusetts",2004,0,13.0372955650143,1.43508452528932,"effort"
"Massachusetts",1985,1,12.7795575257214,3.52929738428947,"effort"
"Massachusetts",1986,1,12.9108074297418,2.51446545202954,"effort"
"Massachusetts",1987,1,12.9664554879214,0.955511445027436,"effort"
"Massachusetts",1988,1,13.0375916722944,2.49815187653802,"effort"
"Massachusetts",1989,1,13.0390491574989,2.84723226523555,"effort"
"Massachusetts",1990,1,13.0246336729094,4.23396156655802,"effort"
"Massachusetts",1991,1,13.056996780173,3.34955314850982,"effort"
"Massachusetts",1992,1,13.113758461075,3.07315617051879,"effort"
"Massachusetts",1993,1,13.0930704998017,2.24918431626693,"effort"
"Massachusetts",1994,1,13.0737968882178,3.8163927744129,"effort"
"Massachusetts",1995,1,13.108278651707,3.65351131027615,"effort"
"Massachusetts",1996,1,13.108373980495,3.76584049525006,"effort"
"Massachusetts",1997,1,13.1290012975845,2.7330679640775,"effort"
"Massachusetts",1998,1,13.1247545163517,3.14759462286324,"effort"
"Massachusetts",1999,1,13.1585525770835,3.1888289035159,"effort"
"Massachusetts",2000,1,13.144721560015,3.39785848039664,"effort"
"Massachusetts",2001,1,13.1107097367423,1.4036429994545,"effort"
"Massachusetts",2002,1,13.0855562292583,3.26116873705845,"effort"
"Massachusetts",2003,1,13.1638354006102,0.482426149244293,"effort"
"Massachusetts",2004,1,13.1007985182893,1.43508452528932,"effort"
"Massachusetts",1985,2,12.7214887170505,3.52929738428947,"effort"
"Massachusetts",1986,2,12.7795575257214,2.51446545202954,"effort"
"Massachusetts",1987,2,12.9108074297418,0.955511445027436,"effort"
"Massachusetts",1988,2,12.9664554879214,2.49815187653802,"effort"
"Massachusetts",1989,2,13.0375916722944,2.84723226523555,"effort"
"Massachusetts",1990,2,13.0390491574989,4.23396156655802,"effort"
"Massachusetts",1991,2,13.0246336729094,3.34955314850982,"effort"
"Massachusetts",1992,2,13.056996780173,3.07315617051879,"effort"
"Massachusetts",1993,2,13.113758461075,2.24918431626693,"effort"
"Massachusetts",1994,2,13.0930704998017,3.8163927744129,"effort"
"Massachusetts",1995,2,13.0737968882178,3.65351131027615,"effort"
"Massachusetts",1996,2,13.108278651707,3.76584049525006,"effort"
"Massachusetts",1997,2,13.108373980495,2.7330679640775,"effort"
"Massachusetts",1998,2,13.1290012975845,3.14759462286324,"effort"
"Massachusetts",1999,2,13.1247545163517,3.1888289035159,"effort"
"Massachusetts",2000,2,13.1585525770835,3.39785848039664,"effort"
"Massachusetts",2001,2,13.144721560015,1.4036429994545,"effort"
"Massachusetts",2002,2,13.1107097367423,3.26116873705845,"effort"
"Massachusetts",2003,2,13.0855562292583,0.482426149244293,"effort"
"Massachusetts",2004,2,13.1638354006102,1.43508452528932,"effort"
"Massachusetts",1985,3,12.673253544619,3.52929738428947,"effort"
"Massachusetts",1986,3,12.7214887170505,2.51446545202954,"effort"
"Massachusetts",1987,3,12.7795575257214,0.955511445027436,"effort"
"Massachusetts",1988,3,12.9108074297418,2.49815187653802,"effort"
"Massachusetts",1989,3,12.9664554879214,2.84723226523555,"effort"
"Massachusetts",1990,3,13.0375916722944,4.23396156655802,"effort"
"Massachusetts",1991,3,13.0390491574989,3.34955314850982,"effort"
"Massachusetts",1992,3,13.0246336729094,3.07315617051879,"effort"
"Massachusetts",1993,3,13.056996780173,2.24918431626693,"effort"
"Massachusetts",1994,3,13.113758461075,3.8163927744129,"effort"
"Massachusetts",1995,3,13.0930704998017,3.65351131027615,"effort"
"Massachusetts",1996,3,13.0737968882178,3.76584049525006,"effort"
"Massachusetts",1997,3,13.108278651707,2.7330679640775,"effort"
"Massachusetts",1998,3,13.108373980495,3.14759462286324,"effort"
"Massachusetts",1999,3,13.1290012975845,3.1888289035159,"effort"
"Massachusetts",2000,3,13.1247545163517,3.39785848039664,"effort"
"Massachusetts",2001,3,13.1585525770835,1.4036429994545,"effort"
"Massachusetts",2002,3,13.144721560015,3.26116873705845,"effort"
"Massachusetts",2003,3,13.1107097367423,0.482426149244293,"effort"
"Massachusetts",2004,3,13.0855562292583,1.43508452528932,"effort"
"Newfoundland",1988,-3,12.0855984920623,6.51639466814795,"effort"
"Newfoundland",1989,-3,12.0855984920623,6.58104594773024,"effort"
"Newfoundland",1990,-3,12.0855984920623,6.49747370530361,"effort"
"Newfoundland",1991,-3,12.0855984920623,6.74045215876674,"effort"
"Newfoundland",1992,-3,12.0855984920623,6.83644079678422,"effort"
"Newfoundland",1993,-3,11.8508252535826,6.71411464242547,"effort"
"Newfoundland",1994,-3,11.8508252535826,6.65681866646272,"effort"
"Newfoundland",1995,-3,11.8508252535826,6.64736331425219,"effort"
"Newfoundland",1996,-3,11.8508252535826,6.54467644527026,"effort"
"Newfoundland",1997,-3,11.8233470243915,6.42525452495498,"effort"
"Newfoundland",1998,-3,11.7996070370884,6.53376584348293,"effort"
"Newfoundland",1999,-3,11.793582922485,6.41389682850083,"effort"
"Newfoundland",2000,-3,11.793582922485,6.45629089106122,"effort"
"Newfoundland",2001,-3,11.7950923567339,6.56350718660225,"effort"
"Newfoundland",2002,-3,11.793582922485,6.63580237206434,"effort"
"Newfoundland",2003,-3,11.7920712063997,6.66610775525435,"effort"
"Newfoundland",2004,-3,11.7890409010505,6.6565377274371,"effort"
"Newfoundland",2005,-3,11.7814247180052,6.82840255404909,"effort"
"Newfoundland",2006,-3,11.7660160926524,6.88624786376044,"effort"
"Newfoundland",2007,-3,11.7691168703306,6.85064814853305,"effort"
"Newfoundland",2008,-3,11.7566556498928,6.9598098994874,"effort"
"Newfoundland",2009,-3,11.7121451081651,6.95934863434689,"effort"
"Newfoundland",1988,-2,12.0855984920623,6.51639466814795,"effort"
"Newfoundland",1989,-2,12.0855984920623,6.58104594773024,"effort"
"Newfoundland",1990,-2,12.0855984920623,6.49747370530361,"effort"
"Newfoundland",1991,-2,12.0855984920623,6.74045215876674,"effort"
"Newfoundland",1992,-2,12.0855984920623,6.83644079678422,"effort"
"Newfoundland",1993,-2,12.0855984920623,6.71411464242547,"effort"
"Newfoundland",1994,-2,11.8508252535826,6.65681866646272,"effort"
"Newfoundland",1995,-2,11.8508252535826,6.64736331425219,"effort"
"Newfoundland",1996,-2,11.8508252535826,6.54467644527026,"effort"
"Newfoundland",1997,-2,11.8508252535826,6.42525452495498,"effort"
"Newfoundland",1998,-2,11.8233470243915,6.53376584348293,"effort"
"Newfoundland",1999,-2,11.7996070370884,6.41389682850083,"effort"
"Newfoundland",2000,-2,11.793582922485,6.45629089106122,"effort"
"Newfoundland",2001,-2,11.793582922485,6.56350718660225,"effort"
"Newfoundland",2002,-2,11.7950923567339,6.63580237206434,"effort"
"Newfoundland",2003,-2,11.793582922485,6.66610775525435,"effort"
"Newfoundland",2004,-2,11.7920712063997,6.6565377274371,"effort"
"Newfoundland",2005,-2,11.7890409010505,6.82840255404909,"effort"
"Newfoundland",2006,-2,11.7814247180052,6.88624786376044,"effort"
"Newfoundland",2007,-2,11.7660160926524,6.85064814853305,"effort"
"Newfoundland",2008,-2,11.7691168703306,6.9598098994874,"effort"
"Newfoundland",2009,-2,11.7566556498928,6.95934863434689,"effort"
"Newfoundland",1988,-1,11.2582912465646,6.51639466814795,"effort"
"Newfoundland",1989,-1,12.0855984920623,6.58104594773024,"effort"
"Newfoundland",1990,-1,12.0855984920623,6.49747370530361,"effort"
"Newfoundland",1991,-1,12.0855984920623,6.74045215876674,"effort"
"Newfoundland",1992,-1,12.0855984920623,6.83644079678422,"effort"
"Newfoundland",1993,-1,12.0855984920623,6.71411464242547,"effort"
"Newfoundland",1994,-1,12.0855984920623,6.65681866646272,"effort"
"Newfoundland",1995,-1,11.8508252535826,6.64736331425219,"effort"
"Newfoundland",1996,-1,11.8508252535826,6.54467644527026,"effort"
"Newfoundland",1997,-1,11.8508252535826,6.42525452495498,"effort"
"Newfoundland",1998,-1,11.8508252535826,6.53376584348293,"effort"
"Newfoundland",1999,-1,11.8233470243915,6.41389682850083,"effort"
"Newfoundland",2000,-1,11.7996070370884,6.45629089106122,"effort"
"Newfoundland",2001,-1,11.793582922485,6.56350718660225,"effort"
"Newfoundland",2002,-1,11.793582922485,6.63580237206434,"effort"
"Newfoundland",2003,-1,11.7950923567339,6.66610775525435,"effort"
"Newfoundland",2004,-1,11.793582922485,6.6565377274371,"effort"
"Newfoundland",2005,-1,11.7920712063997,6.82840255404909,"effort"
"Newfoundland",2006,-1,11.7890409010505,6.88624786376044,"effort"
"Newfoundland",2007,-1,11.7814247180052,6.85064814853305,"effort"
"Newfoundland",2008,-1,11.7660160926524,6.9598098994874,"effort"
"Newfoundland",2009,-1,11.7691168703306,6.95934863434689,"effort"
"Newfoundland",1988,0,11.2582912465646,6.51639466814795,"effort"
"Newfoundland",1989,0,11.2582912465646,6.58104594773024,"effort"
"Newfoundland",1990,0,12.0855984920623,6.49747370530361,"effort"
"Newfoundland",1991,0,12.0855984920623,6.74045215876674,"effort"
"Newfoundland",1992,0,12.0855984920623,6.83644079678422,"effort"
"Newfoundland",1993,0,12.0855984920623,6.71411464242547,"effort"
"Newfoundland",1994,0,12.0855984920623,6.65681866646272,"effort"
"Newfoundland",1995,0,12.0855984920623,6.64736331425219,"effort"
"Newfoundland",1996,0,11.8508252535826,6.54467644527026,"effort"
"Newfoundland",1997,0,11.8508252535826,6.42525452495498,"effort"
"Newfoundland",1998,0,11.8508252535826,6.53376584348293,"effort"
"Newfoundland",1999,0,11.8508252535826,6.41389682850083,"effort"
"Newfoundland",2000,0,11.8233470243915,6.45629089106122,"effort"
"Newfoundland",2001,0,11.7996070370884,6.56350718660225,"effort"
"Newfoundland",2002,0,11.793582922485,6.63580237206434,"effort"
"Newfoundland",2003,0,11.793582922485,6.66610775525435,"effort"
"Newfoundland",2004,0,11.7950923567339,6.6565377274371,"effort"
"Newfoundland",2005,0,11.793582922485,6.82840255404909,"effort"
"Newfoundland",2006,0,11.7920712063997,6.88624786376044,"effort"
"Newfoundland",2007,0,11.7890409010505,6.85064814853305,"effort"
"Newfoundland",2008,0,11.7814247180052,6.9598098994874,"effort"
"Newfoundland",2009,0,11.7660160926524,6.95934863434689,"effort"
"Newfoundland",1988,1,11.2582912465646,6.51639466814795,"effort"
"Newfoundland",1989,1,11.2582912465646,6.58104594773024,"effort"
"Newfoundland",1990,1,11.2582912465646,6.49747370530361,"effort"
"Newfoundland",1991,1,12.0855984920623,6.74045215876674,"effort"
"Newfoundland",1992,1,12.0855984920623,6.83644079678422,"effort"
"Newfoundland",1993,1,12.0855984920623,6.71411464242547,"effort"
"Newfoundland",1994,1,12.0855984920623,6.65681866646272,"effort"
"Newfoundland",1995,1,12.0855984920623,6.64736331425219,"effort"
"Newfoundland",1996,1,12.0855984920623,6.54467644527026,"effort"
"Newfoundland",1997,1,11.8508252535826,6.42525452495498,"effort"
"Newfoundland",1998,1,11.8508252535826,6.53376584348293,"effort"
"Newfoundland",1999,1,11.8508252535826,6.41389682850083,"effort"
"Newfoundland",2000,1,11.8508252535826,6.45629089106122,"effort"
"Newfoundland",2001,1,11.8233470243915,6.56350718660225,"effort"
"Newfoundland",2002,1,11.7996070370884,6.63580237206434,"effort"
"Newfoundland",2003,1,11.793582922485,6.66610775525435,"effort"
"Newfoundland",2004,1,11.793582922485,6.6565377274371,"effort"
"Newfoundland",2005,1,11.7950923567339,6.82840255404909,"effort"
"Newfoundland",2006,1,11.793582922485,6.88624786376044,"effort"
"Newfoundland",2007,1,11.7920712063997,6.85064814853305,"effort"
"Newfoundland",2008,1,11.7890409010505,6.9598098994874,"effort"
"Newfoundland",2009,1,11.7814247180052,6.95934863434689,"effort"
"Newfoundland",1988,2,11.2582912465646,6.51639466814795,"effort"
"Newfoundland",1989,2,11.2582912465646,6.58104594773024,"effort"
"Newfoundland",1990,2,11.2582912465646,6.49747370530361,"effort"
"Newfoundland",1991,2,11.2582912465646,6.74045215876674,"effort"
"Newfoundland",1992,2,12.0855984920623,6.83644079678422,"effort"
"Newfoundland",1993,2,12.0855984920623,6.71411464242547,"effort"
"Newfoundland",1994,2,12.0855984920623,6.65681866646272,"effort"
"Newfoundland",1995,2,12.0855984920623,6.64736331425219,"effort"
"Newfoundland",1996,2,12.0855984920623,6.54467644527026,"effort"
"Newfoundland",1997,2,12.0855984920623,6.42525452495498,"effort"
"Newfoundland",1998,2,11.8508252535826,6.53376584348293,"effort"
"Newfoundland",1999,2,11.8508252535826,6.41389682850083,"effort"
"Newfoundland",2000,2,11.8508252535826,6.45629089106122,"effort"
"Newfoundland",2001,2,11.8508252535826,6.56350718660225,"effort"
"Newfoundland",2002,2,11.8233470243915,6.63580237206434,"effort"
"Newfoundland",2003,2,11.7996070370884,6.66610775525435,"effort"
"Newfoundland",2004,2,11.793582922485,6.6565377274371,"effort"
"Newfoundland",2005,2,11.793582922485,6.82840255404909,"effort"
"Newfoundland",2006,2,11.7950923567339,6.88624786376044,"effort"
"Newfoundland",2007,2,11.793582922485,6.85064814853305,"effort"
"Newfoundland",2008,2,11.7920712063997,6.9598098994874,"effort"
"Newfoundland",2009,2,11.7890409010505,6.95934863434689,"effort"
"Newfoundland",1988,3,11.2582912465646,6.51639466814795,"effort"
"Newfoundland",1989,3,11.2582912465646,6.58104594773024,"effort"
"Newfoundland",1990,3,11.2582912465646,6.49747370530361,"effort"
"Newfoundland",1991,3,11.2582912465646,6.74045215876674,"effort"
"Newfoundland",1992,3,11.2582912465646,6.83644079678422,"effort"
"Newfoundland",1993,3,12.0855984920623,6.71411464242547,"effort"
"Newfoundland",1994,3,12.0855984920623,6.65681866646272,"effort"
"Newfoundland",1995,3,12.0855984920623,6.64736331425219,"effort"
"Newfoundland",1996,3,12.0855984920623,6.54467644527026,"effort"
"Newfoundland",1997,3,12.0855984920623,6.42525452495498,"effort"
"Newfoundland",1998,3,12.0855984920623,6.53376584348293,"effort"
"Newfoundland",1999,3,11.8508252535826,6.41389682850083,"effort"
"Newfoundland",2000,3,11.8508252535826,6.45629089106122,"effort"
"Newfoundland",2001,3,11.8508252535826,6.56350718660225,"effort"
"Newfoundland",2002,3,11.8508252535826,6.63580237206434,"effort"
"Newfoundland",2003,3,11.8233470243915,6.66610775525435,"effort"
"Newfoundland",2004,3,11.7996070370884,6.6565377274371,"effort"
"Newfoundland",2005,3,11.793582922485,6.82840255404909,"effort"
"Newfoundland",2006,3,11.793582922485,6.88624786376044,"effort"
"Newfoundland",2007,3,11.7950923567339,6.85064814853305,"effort"
"Newfoundland",2008,3,11.793582922485,6.9598098994874,"effort"
"Newfoundland",2009,3,11.7920712063997,6.95934863434689,"effort"
"Nova Scotia",1971,-3,13.5913414809783,8.86234196351635,"effort"
"Nova Scotia",1972,-3,13.5913414809783,8.76545853150423,"effort"
"Nova Scotia",1973,-3,13.5913414809783,8.79346036105272,"effort"
"Nova Scotia",1974,-3,13.5913414809783,8.70118002752925,"effort"
"Nova Scotia",1975,-3,13.5913414809783,8.7340771925593,"effort"
"Nova Scotia",1976,-3,13.5913414809783,8.63141433550626,"effort"
"Nova Scotia",1977,-3,13.6013180760315,8.58671925406485,"effort"
"Nova Scotia",1978,-3,13.6013180760315,8.41294317004244,"effort"
"Nova Scotia",1979,-3,13.6013180760315,8.56674497024549,"effort"
"Nova Scotia",1980,-3,13.6013180760315,8.52892411429194,"effort"
"Nova Scotia",1981,-3,13.6013180760315,8.62263370387423,"effort"
"Nova Scotia",1982,-3,13.6013180760315,8.75825524323279,"effort"
"Nova Scotia",1983,-3,13.6013180760315,8.95647984799991,"effort"
"Nova Scotia",1984,-3,13.6013180760315,9.09110628405248,"effort"
"Nova Scotia",1985,-3,13.6013180760315,9.27603447517155,"effort"
"Nova Scotia",1986,-3,13.6013180760315,9.49431558249664,"effort"
"Nova Scotia",1987,-3,13.6013180760315,9.62158872484008,"effort"
"Nova Scotia",1988,-3,13.6013180760315,9.677402178301,"effort"
"Nova Scotia",1989,-3,13.6013180760315,9.67777821239919,"effort"
"Nova Scotia",1990,-3,13.6013180760315,9.75132655863703,"effort"
"Nova Scotia",1991,-3,13.6013180760315,9.85376901756385,"effort"
"Nova Scotia",1992,-3,13.6013180760315,9.64841593198263,"effort"
"Nova Scotia",1993,-3,13.6013180760315,9.60716942985258,"effort"
"Nova Scotia",1994,-3,13.6013180760315,9.69636073330705,"effort"
"Nova Scotia",1995,-3,13.6013180760315,9.62810842091714,"effort"
"Nova Scotia",1996,-3,13.6013180760315,9.67287870511065,"effort"
"Nova Scotia",1997,-3,13.6013180760315,9.69916575546251,"effort"
"Nova Scotia",1998,-3,13.6013180760315,9.82476896782472,"effort"
"Nova Scotia",1999,-3,13.6013180760315,9.89439635252435,"effort"
"Nova Scotia",2000,-3,13.6013180760315,9.93580952399825,"effort"
"Nova Scotia",2001,-3,13.6013180760315,10.1051214203625,"effort"
"Nova Scotia",2002,-3,13.6013180760315,10.2232858338872,"effort"
"Nova Scotia",2003,-3,13.6013180760315,10.1645432689202,"effort"
"Nova Scotia",2004,-3,13.6013180760315,10.1741251903786,"effort"
"Nova Scotia",2005,-3,13.6013180760315,10.2115603146356,"effort"
"Nova Scotia",2006,-3,13.6013180760315,10.2556222049326,"effort"
"Nova Scotia",2007,-3,13.6013180760315,10.2532637547837,"effort"
"Nova Scotia",1971,-2,13.5913414809783,8.86234196351635,"effort"
"Nova Scotia",1972,-2,13.5913414809783,8.76545853150423,"effort"
"Nova Scotia",1973,-2,13.5913414809783,8.79346036105272,"effort"
"Nova Scotia",1974,-2,13.5913414809783,8.70118002752925,"effort"
"Nova Scotia",1975,-2,13.5913414809783,8.7340771925593,"effort"
"Nova Scotia",1976,-2,13.5913414809783,8.63141433550626,"effort"
"Nova Scotia",1977,-2,13.5913414809783,8.58671925406485,"effort"
"Nova Scotia",1978,-2,13.6013180760315,8.41294317004244,"effort"
"Nova Scotia",1979,-2,13.6013180760315,8.56674497024549,"effort"
"Nova Scotia",1980,-2,13.6013180760315,8.52892411429194,"effort"
"Nova Scotia",1981,-2,13.6013180760315,8.62263370387423,"effort"
"Nova Scotia",1982,-2,13.6013180760315,8.75825524323279,"effort"
"Nova Scotia",1983,-2,13.6013180760315,8.95647984799991,"effort"
"Nova Scotia",1984,-2,13.6013180760315,9.09110628405248,"effort"
"Nova Scotia",1985,-2,13.6013180760315,9.27603447517155,"effort"
"Nova Scotia",1986,-2,13.6013180760315,9.49431558249664,"effort"
"Nova Scotia",1987,-2,13.6013180760315,9.62158872484008,"effort"
"Nova Scotia",1988,-2,13.6013180760315,9.677402178301,"effort"
"Nova Scotia",1989,-2,13.6013180760315,9.67777821239919,"effort"
"Nova Scotia",1990,-2,13.6013180760315,9.75132655863703,"effort"
"Nova Scotia",1991,-2,13.6013180760315,9.85376901756385,"effort"
"Nova Scotia",1992,-2,13.6013180760315,9.64841593198263,"effort"
"Nova Scotia",1993,-2,13.6013180760315,9.60716942985258,"effort"
"Nova Scotia",1994,-2,13.6013180760315,9.69636073330705,"effort"
"Nova Scotia",1995,-2,13.6013180760315,9.62810842091714,"effort"
"Nova Scotia",1996,-2,13.6013180760315,9.67287870511065,"effort"
"Nova Scotia",1997,-2,13.6013180760315,9.69916575546251,"effort"
"Nova Scotia",1998,-2,13.6013180760315,9.82476896782472,"effort"
"Nova Scotia",1999,-2,13.6013180760315,9.89439635252435,"effort"
"Nova Scotia",2000,-2,13.6013180760315,9.93580952399825,"effort"
"Nova Scotia",2001,-2,13.6013180760315,10.1051214203625,"effort"
"Nova Scotia",2002,-2,13.6013180760315,10.2232858338872,"effort"
"Nova Scotia",2003,-2,13.6013180760315,10.1645432689202,"effort"
"Nova Scotia",2004,-2,13.6013180760315,10.1741251903786,"effort"
"Nova Scotia",2005,-2,13.6013180760315,10.2115603146356,"effort"
"Nova Scotia",2006,-2,13.6013180760315,10.2556222049326,"effort"
"Nova Scotia",2007,-2,13.6013180760315,10.2532637547837,"effort"
"Nova Scotia",1971,-1,13.5913414809783,8.86234196351635,"effort"
"Nova Scotia",1972,-1,13.5913414809783,8.76545853150423,"effort"
"Nova Scotia",1973,-1,13.5913414809783,8.79346036105272,"effort"
"Nova Scotia",1974,-1,13.5913414809783,8.70118002752925,"effort"
"Nova Scotia",1975,-1,13.5913414809783,8.7340771925593,"effort"
"Nova Scotia",1976,-1,13.5913414809783,8.63141433550626,"effort"
"Nova Scotia",1977,-1,13.5913414809783,8.58671925406485,"effort"
"Nova Scotia",1978,-1,13.5913414809783,8.41294317004244,"effort"
"Nova Scotia",1979,-1,13.6013180760315,8.56674497024549,"effort"
"Nova Scotia",1980,-1,13.6013180760315,8.52892411429194,"effort"
"Nova Scotia",1981,-1,13.6013180760315,8.62263370387423,"effort"
"Nova Scotia",1982,-1,13.6013180760315,8.75825524323279,"effort"
"Nova Scotia",1983,-1,13.6013180760315,8.95647984799991,"effort"
"Nova Scotia",1984,-1,13.6013180760315,9.09110628405248,"effort"
"Nova Scotia",1985,-1,13.6013180760315,9.27603447517155,"effort"
"Nova Scotia",1986,-1,13.6013180760315,9.49431558249664,"effort"
"Nova Scotia",1987,-1,13.6013180760315,9.62158872484008,"effort"
"Nova Scotia",1988,-1,13.6013180760315,9.677402178301,"effort"
"Nova Scotia",1989,-1,13.6013180760315,9.67777821239919,"effort"
"Nova Scotia",1990,-1,13.6013180760315,9.75132655863703,"effort"
"Nova Scotia",1991,-1,13.6013180760315,9.85376901756385,"effort"
"Nova Scotia",1992,-1,13.6013180760315,9.64841593198263,"effort"
"Nova Scotia",1993,-1,13.6013180760315,9.60716942985258,"effort"
"Nova Scotia",1994,-1,13.6013180760315,9.69636073330705,"effort"
"Nova Scotia",1995,-1,13.6013180760315,9.62810842091714,"effort"
"Nova Scotia",1996,-1,13.6013180760315,9.67287870511065,"effort"
"Nova Scotia",1997,-1,13.6013180760315,9.69916575546251,"effort"
"Nova Scotia",1998,-1,13.6013180760315,9.82476896782472,"effort"
"Nova Scotia",1999,-1,13.6013180760315,9.89439635252435,"effort"
"Nova Scotia",2000,-1,13.6013180760315,9.93580952399825,"effort"
"Nova Scotia",2001,-1,13.6013180760315,10.1051214203625,"effort"
"Nova Scotia",2002,-1,13.6013180760315,10.2232858338872,"effort"
"Nova Scotia",2003,-1,13.6013180760315,10.1645432689202,"effort"
"Nova Scotia",2004,-1,13.6013180760315,10.1741251903786,"effort"
"Nova Scotia",2005,-1,13.6013180760315,10.2115603146356,"effort"
"Nova Scotia",2006,-1,13.6013180760315,10.2556222049326,"effort"
"Nova Scotia",2007,-1,13.6013180760315,10.2532637547837,"effort"
"Nova Scotia",1971,0,13.5913414809783,8.86234196351635,"effort"
"Nova Scotia",1972,0,13.5913414809783,8.76545853150423,"effort"
"Nova Scotia",1973,0,13.5913414809783,8.79346036105272,"effort"
"Nova Scotia",1974,0,13.5913414809783,8.70118002752925,"effort"
"Nova Scotia",1975,0,13.5913414809783,8.7340771925593,"effort"
"Nova Scotia",1976,0,13.5913414809783,8.63141433550626,"effort"
"Nova Scotia",1977,0,13.5913414809783,8.58671925406485,"effort"
"Nova Scotia",1978,0,13.5913414809783,8.41294317004244,"effort"
"Nova Scotia",1979,0,13.5913414809783,8.56674497024549,"effort"
"Nova Scotia",1980,0,13.6013180760315,8.52892411429194,"effort"
"Nova Scotia",1981,0,13.6013180760315,8.62263370387423,"effort"
"Nova Scotia",1982,0,13.6013180760315,8.75825524323279,"effort"
"Nova Scotia",1983,0,13.6013180760315,8.95647984799991,"effort"
"Nova Scotia",1984,0,13.6013180760315,9.09110628405248,"effort"
"Nova Scotia",1985,0,13.6013180760315,9.27603447517155,"effort"
"Nova Scotia",1986,0,13.6013180760315,9.49431558249664,"effort"
"Nova Scotia",1987,0,13.6013180760315,9.62158872484008,"effort"
"Nova Scotia",1988,0,13.6013180760315,9.677402178301,"effort"
"Nova Scotia",1989,0,13.6013180760315,9.67777821239919,"effort"
"Nova Scotia",1990,0,13.6013180760315,9.75132655863703,"effort"
"Nova Scotia",1991,0,13.6013180760315,9.85376901756385,"effort"
"Nova Scotia",1992,0,13.6013180760315,9.64841593198263,"effort"
"Nova Scotia",1993,0,13.6013180760315,9.60716942985258,"effort"
"Nova Scotia",1994,0,13.6013180760315,9.69636073330705,"effort"
"Nova Scotia",1995,0,13.6013180760315,9.62810842091714,"effort"
"Nova Scotia",1996,0,13.6013180760315,9.67287870511065,"effort"
"Nova Scotia",1997,0,13.6013180760315,9.69916575546251,"effort"
"Nova Scotia",1998,0,13.6013180760315,9.82476896782472,"effort"
"Nova Scotia",1999,0,13.6013180760315,9.89439635252435,"effort"
"Nova Scotia",2000,0,13.6013180760315,9.93580952399825,"effort"
"Nova Scotia",2001,0,13.6013180760315,10.1051214203625,"effort"
"Nova Scotia",2002,0,13.6013180760315,10.2232858338872,"effort"
"Nova Scotia",2003,0,13.6013180760315,10.1645432689202,"effort"
"Nova Scotia",2004,0,13.6013180760315,10.1741251903786,"effort"
"Nova Scotia",2005,0,13.6013180760315,10.2115603146356,"effort"
"Nova Scotia",2006,0,13.6013180760315,10.2556222049326,"effort"
"Nova Scotia",2007,0,13.6013180760315,10.2532637547837,"effort"
"Nova Scotia",1971,1,13.5913414809783,8.86234196351635,"effort"
"Nova Scotia",1972,1,13.5913414809783,8.76545853150423,"effort"
"Nova Scotia",1973,1,13.5913414809783,8.79346036105272,"effort"
"Nova Scotia",1974,1,13.5913414809783,8.70118002752925,"effort"
"Nova Scotia",1975,1,13.5913414809783,8.7340771925593,"effort"
"Nova Scotia",1976,1,13.5913414809783,8.63141433550626,"effort"
"Nova Scotia",1977,1,13.5913414809783,8.58671925406485,"effort"
"Nova Scotia",1978,1,13.5913414809783,8.41294317004244,"effort"
"Nova Scotia",1979,1,13.5913414809783,8.56674497024549,"effort"
"Nova Scotia",1980,1,13.5913414809783,8.52892411429194,"effort"
"Nova Scotia",1981,1,13.6013180760315,8.62263370387423,"effort"
"Nova Scotia",1982,1,13.6013180760315,8.75825524323279,"effort"
"Nova Scotia",1983,1,13.6013180760315,8.95647984799991,"effort"
"Nova Scotia",1984,1,13.6013180760315,9.09110628405248,"effort"
"Nova Scotia",1985,1,13.6013180760315,9.27603447517155,"effort"
"Nova Scotia",1986,1,13.6013180760315,9.49431558249664,"effort"
"Nova Scotia",1987,1,13.6013180760315,9.62158872484008,"effort"
"Nova Scotia",1988,1,13.6013180760315,9.677402178301,"effort"
"Nova Scotia",1989,1,13.6013180760315,9.67777821239919,"effort"
"Nova Scotia",1990,1,13.6013180760315,9.75132655863703,"effort"
"Nova Scotia",1991,1,13.6013180760315,9.85376901756385,"effort"
"Nova Scotia",1992,1,13.6013180760315,9.64841593198263,"effort"
"Nova Scotia",1993,1,13.6013180760315,9.60716942985258,"effort"
"Nova Scotia",1994,1,13.6013180760315,9.69636073330705,"effort"
"Nova Scotia",1995,1,13.6013180760315,9.62810842091714,"effort"
"Nova Scotia",1996,1,13.6013180760315,9.67287870511065,"effort"
"Nova Scotia",1997,1,13.6013180760315,9.69916575546251,"effort"
"Nova Scotia",1998,1,13.6013180760315,9.82476896782472,"effort"
"Nova Scotia",1999,1,13.6013180760315,9.89439635252435,"effort"
"Nova Scotia",2000,1,13.6013180760315,9.93580952399825,"effort"
"Nova Scotia",2001,1,13.6013180760315,10.1051214203625,"effort"
"Nova Scotia",2002,1,13.6013180760315,10.2232858338872,"effort"
"Nova Scotia",2003,1,13.6013180760315,10.1645432689202,"effort"
"Nova Scotia",2004,1,13.6013180760315,10.1741251903786,"effort"
"Nova Scotia",2005,1,13.6013180760315,10.2115603146356,"effort"
"Nova Scotia",2006,1,13.6013180760315,10.2556222049326,"effort"
"Nova Scotia",2007,1,13.6013180760315,10.2532637547837,"effort"
"Nova Scotia",1971,2,13.5913414809783,8.86234196351635,"effort"
"Nova Scotia",1972,2,13.5913414809783,8.76545853150423,"effort"
"Nova Scotia",1973,2,13.5913414809783,8.79346036105272,"effort"
"Nova Scotia",1974,2,13.5913414809783,8.70118002752925,"effort"
"Nova Scotia",1975,2,13.5913414809783,8.7340771925593,"effort"
"Nova Scotia",1976,2,13.5913414809783,8.63141433550626,"effort"
"Nova Scotia",1977,2,13.5913414809783,8.58671925406485,"effort"
"Nova Scotia",1978,2,13.5913414809783,8.41294317004244,"effort"
"Nova Scotia",1979,2,13.5913414809783,8.56674497024549,"effort"
"Nova Scotia",1980,2,13.5913414809783,8.52892411429194,"effort"
"Nova Scotia",1981,2,13.5913414809783,8.62263370387423,"effort"
"Nova Scotia",1982,2,13.6013180760315,8.75825524323279,"effort"
"Nova Scotia",1983,2,13.6013180760315,8.95647984799991,"effort"
"Nova Scotia",1984,2,13.6013180760315,9.09110628405248,"effort"
"Nova Scotia",1985,2,13.6013180760315,9.27603447517155,"effort"
"Nova Scotia",1986,2,13.6013180760315,9.49431558249664,"effort"
"Nova Scotia",1987,2,13.6013180760315,9.62158872484008,"effort"
"Nova Scotia",1988,2,13.6013180760315,9.677402178301,"effort"
"Nova Scotia",1989,2,13.6013180760315,9.67777821239919,"effort"
"Nova Scotia",1990,2,13.6013180760315,9.75132655863703,"effort"
"Nova Scotia",1991,2,13.6013180760315,9.85376901756385,"effort"
"Nova Scotia",1992,2,13.6013180760315,9.64841593198263,"effort"
"Nova Scotia",1993,2,13.6013180760315,9.60716942985258,"effort"
"Nova Scotia",1994,2,13.6013180760315,9.69636073330705,"effort"
"Nova Scotia",1995,2,13.6013180760315,9.62810842091714,"effort"
"Nova Scotia",1996,2,13.6013180760315,9.67287870511065,"effort"
"Nova Scotia",1997,2,13.6013180760315,9.69916575546251,"effort"
"Nova Scotia",1998,2,13.6013180760315,9.82476896782472,"effort"
"Nova Scotia",1999,2,13.6013180760315,9.89439635252435,"effort"
"Nova Scotia",2000,2,13.6013180760315,9.93580952399825,"effort"
"Nova Scotia",2001,2,13.6013180760315,10.1051214203625,"effort"
"Nova Scotia",2002,2,13.6013180760315,10.2232858338872,"effort"
"Nova Scotia",2003,2,13.6013180760315,10.1645432689202,"effort"
"Nova Scotia",2004,2,13.6013180760315,10.1741251903786,"effort"
"Nova Scotia",2005,2,13.6013180760315,10.2115603146356,"effort"
"Nova Scotia",2006,2,13.6013180760315,10.2556222049326,"effort"
"Nova Scotia",2007,2,13.6013180760315,10.2532637547837,"effort"
"Nova Scotia",1971,3,13.5913414809783,8.86234196351635,"effort"
"Nova Scotia",1972,3,13.5913414809783,8.76545853150423,"effort"
"Nova Scotia",1973,3,13.5913414809783,8.79346036105272,"effort"
"Nova Scotia",1974,3,13.5913414809783,8.70118002752925,"effort"
"Nova Scotia",1975,3,13.5913414809783,8.7340771925593,"effort"
"Nova Scotia",1976,3,13.5913414809783,8.63141433550626,"effort"
"Nova Scotia",1977,3,13.5913414809783,8.58671925406485,"effort"
"Nova Scotia",1978,3,13.5913414809783,8.41294317004244,"effort"
"Nova Scotia",1979,3,13.5913414809783,8.56674497024549,"effort"
"Nova Scotia",1980,3,13.5913414809783,8.52892411429194,"effort"
"Nova Scotia",1981,3,13.5913414809783,8.62263370387423,"effort"
"Nova Scotia",1982,3,13.5913414809783,8.75825524323279,"effort"
"Nova Scotia",1983,3,13.6013180760315,8.95647984799991,"effort"
"Nova Scotia",1984,3,13.6013180760315,9.09110628405248,"effort"
"Nova Scotia",1985,3,13.6013180760315,9.27603447517155,"effort"
"Nova Scotia",1986,3,13.6013180760315,9.49431558249664,"effort"
"Nova Scotia",1987,3,13.6013180760315,9.62158872484008,"effort"
"Nova Scotia",1988,3,13.6013180760315,9.677402178301,"effort"
"Nova Scotia",1989,3,13.6013180760315,9.67777821239919,"effort"
"Nova Scotia",1990,3,13.6013180760315,9.75132655863703,"effort"
"Nova Scotia",1991,3,13.6013180760315,9.85376901756385,"effort"
"Nova Scotia",1992,3,13.6013180760315,9.64841593198263,"effort"
"Nova Scotia",1993,3,13.6013180760315,9.60716942985258,"effort"
"Nova Scotia",1994,3,13.6013180760315,9.69636073330705,"effort"
"Nova Scotia",1995,3,13.6013180760315,9.62810842091714,"effort"
"Nova Scotia",1996,3,13.6013180760315,9.67287870511065,"effort"
"Nova Scotia",1997,3,13.6013180760315,9.69916575546251,"effort"
"Nova Scotia",1998,3,13.6013180760315,9.82476896782472,"effort"
"Nova Scotia",1999,3,13.6013180760315,9.89439635252435,"effort"
"Nova Scotia",2000,3,13.6013180760315,9.93580952399825,"effort"
"Nova Scotia",2001,3,13.6013180760315,10.1051214203625,"effort"
"Nova Scotia",2002,3,13.6013180760315,10.2232858338872,"effort"
"Nova Scotia",2003,3,13.6013180760315,10.1645432689202,"effort"
"Nova Scotia",2004,3,13.6013180760315,10.1741251903786,"effort"
"Nova Scotia",2005,3,13.6013180760315,10.2115603146356,"effort"
"Nova Scotia",2006,3,13.6013180760315,10.2556222049326,"effort"
"Nova Scotia",2007,3,13.6013180760315,10.2532637547837,"effort"
"Rhode Island",1984,-3,12.2591061748302,1.52605630349505,"effort"
"Rhode Island",1985,-3,12.407191422407,1.06471073699243,"effort"
"Rhode Island",1986,-3,12.577412038909,1.37118072330984,"effort"
"Rhode Island",1987,-3,12.5832480124647,1.63705307946707,"effort"
"Rhode Island",1988,-3,12.6650406051556,2.0912465871296,"effort"
"Rhode Island",1989,-3,12.7763033242137,2.12106321637066,"effort"
"Rhode Island",1990,-3,12.9359277694955,1.69469775638492,"effort"
"Rhode Island",1991,-3,13.0207646661685,2.55256529826182,"effort"
"Rhode Island",1992,-3,13.0032036445351,1.75871961514985,"effort"
"Rhode Island",1993,-3,13.1548053978156,2.71336936257981,"effort"
"Rhode Island",1994,-3,13.2110095839982,2.21920348405499,"effort"
"Rhode Island",1995,-3,13.2851996565414,2.21101789946856,"effort"
"Rhode Island",1996,-3,13.2670955563604,2.50389194969908,"effort"
"Rhode Island",1997,-3,12.0471706962774,2.78963018809463,"effort"
"Rhode Island",1998,-3,12.0618153642424,2.05860087580798,"effort"
"Rhode Island",1999,-3,11.9317739481802,1.78507048107726,"effort"
"Rhode Island",2000,-3,11.8032565257523,1.46325540225602,"effort"
"Rhode Island",2001,-3,11.7604181552604,2.11685774306526,"effort"
"Rhode Island",2002,-3,11.6751293448451,1.74832991130072,"effort"
"Rhode Island",2003,-3,11.6972616576884,0.8754687373539,"effort"
"Rhode Island",2004,-3,11.7795575324737,1.29882833533861,"effort"
"Rhode Island",1984,-2,12.2180555627447,1.52605630349505,"effort"
"Rhode Island",1985,-2,12.2591061748302,1.06471073699243,"effort"
"Rhode Island",1986,-2,12.407191422407,1.37118072330984,"effort"
"Rhode Island",1987,-2,12.577412038909,1.63705307946707,"effort"
"Rhode Island",1988,-2,12.5832480124647,2.0912465871296,"effort"
"Rhode Island",1989,-2,12.6650406051556,2.12106321637066,"effort"
"Rhode Island",1990,-2,12.7763033242137,1.69469775638492,"effort"
"Rhode Island",1991,-2,12.9359277694955,2.55256529826182,"effort"
"Rhode Island",1992,-2,13.0207646661685,1.75871961514985,"effort"
"Rhode Island",1993,-2,13.0032036445351,2.71336936257981,"effort"
"Rhode Island",1994,-2,13.1548053978156,2.21920348405499,"effort"
"Rhode Island",1995,-2,13.2110095839982,2.21101789946856,"effort"
"Rhode Island",1996,-2,13.2851996565414,2.50389194969908,"effort"
"Rhode Island",1997,-2,13.2670955563604,2.78963018809463,"effort"
"Rhode Island",1998,-2,12.0471706962774,2.05860087580798,"effort"
"Rhode Island",1999,-2,12.0618153642424,1.78507048107726,"effort"
"Rhode Island",2000,-2,11.9317739481802,1.46325540225602,"effort"
"Rhode Island",2001,-2,11.8032565257523,2.11685774306526,"effort"
"Rhode Island",2002,-2,11.7604181552604,1.74832991130072,"effort"
"Rhode Island",2003,-2,11.6751293448451,0.8754687373539,"effort"
"Rhode Island",2004,-2,11.6972616576884,1.29882833533861,"effort"
"Rhode Island",1984,-1,12.2527081090462,1.52605630349505,"effort"
"Rhode Island",1985,-1,12.2180555627447,1.06471073699243,"effort"
"Rhode Island",1986,-1,12.2591061748302,1.37118072330984,"effort"
"Rhode Island",1987,-1,12.407191422407,1.63705307946707,"effort"
"Rhode Island",1988,-1,12.577412038909,2.0912465871296,"effort"
"Rhode Island",1989,-1,12.5832480124647,2.12106321637066,"effort"
"Rhode Island",1990,-1,12.6650406051556,1.69469775638492,"effort"
"Rhode Island",1991,-1,12.7763033242137,2.55256529826182,"effort"
"Rhode Island",1992,-1,12.9359277694955,1.75871961514985,"effort"
"Rhode Island",1993,-1,13.0207646661685,2.71336936257981,"effort"
"Rhode Island",1994,-1,13.0032036445351,2.21920348405499,"effort"
"Rhode Island",1995,-1,13.1548053978156,2.21101789946856,"effort"
"Rhode Island",1996,-1,13.2110095839982,2.50389194969908,"effort"
"Rhode Island",1997,-1,13.2851996565414,2.78963018809463,"effort"
"Rhode Island",1998,-1,13.2670955563604,2.05860087580798,"effort"
"Rhode Island",1999,-1,12.0471706962774,1.78507048107726,"effort"
"Rhode Island",2000,-1,12.0618153642424,1.46325540225602,"effort"
"Rhode Island",2001,-1,11.9317739481802,2.11685774306526,"effort"
"Rhode Island",2002,-1,11.8032565257523,1.74832991130072,"effort"
"Rhode Island",2003,-1,11.7604181552604,0.8754687373539,"effort"
"Rhode Island",2004,-1,11.6751293448451,1.29882833533861,"effort"
"Rhode Island",1984,0,12.1724124440375,1.52605630349505,"effort"
"Rhode Island",1985,0,12.2527081090462,1.06471073699243,"effort"
"Rhode Island",1986,0,12.2180555627447,1.37118072330984,"effort"
"Rhode Island",1987,0,12.2591061748302,1.63705307946707,"effort"
"Rhode Island",1988,0,12.407191422407,2.0912465871296,"effort"
"Rhode Island",1989,0,12.577412038909,2.12106321637066,"effort"
"Rhode Island",1990,0,12.5832480124647,1.69469775638492,"effort"
"Rhode Island",1991,0,12.6650406051556,2.55256529826182,"effort"
"Rhode Island",1992,0,12.7763033242137,1.75871961514985,"effort"
"Rhode Island",1993,0,12.9359277694955,2.71336936257981,"effort"
"Rhode Island",1994,0,13.0207646661685,2.21920348405499,"effort"
"Rhode Island",1995,0,13.0032036445351,2.21101789946856,"effort"
"Rhode Island",1996,0,13.1548053978156,2.50389194969908,"effort"
"Rhode Island",1997,0,13.2110095839982,2.78963018809463,"effort"
"Rhode Island",1998,0,13.2851996565414,2.05860087580798,"effort"
"Rhode Island",1999,0,13.2670955563604,1.78507048107726,"effort"
"Rhode Island",2000,0,12.0471706962774,1.46325540225602,"effort"
"Rhode Island",2001,0,12.0618153642424,2.11685774306526,"effort"
"Rhode Island",2002,0,11.9317739481802,1.74832991130072,"effort"
"Rhode Island",2003,0,11.8032565257523,0.8754687373539,"effort"
"Rhode Island",2004,0,11.7604181552604,1.29882833533861,"effort"
"Rhode Island",1984,1,11.7449018913332,1.52605630349505,"effort"
"Rhode Island",1985,1,12.1724124440375,1.06471073699243,"effort"
"Rhode Island",1986,1,12.2527081090462,1.37118072330984,"effort"
"Rhode Island",1987,1,12.2180555627447,1.63705307946707,"effort"
"Rhode Island",1988,1,12.2591061748302,2.0912465871296,"effort"
"Rhode Island",1989,1,12.407191422407,2.12106321637066,"effort"
"Rhode Island",1990,1,12.577412038909,1.69469775638492,"effort"
"Rhode Island",1991,1,12.5832480124647,2.55256529826182,"effort"
"Rhode Island",1992,1,12.6650406051556,1.75871961514985,"effort"
"Rhode Island",1993,1,12.7763033242137,2.71336936257981,"effort"
"Rhode Island",1994,1,12.9359277694955,2.21920348405499,"effort"
"Rhode Island",1995,1,13.0207646661685,2.21101789946856,"effort"
"Rhode Island",1996,1,13.0032036445351,2.50389194969908,"effort"
"Rhode Island",1997,1,13.1548053978156,2.78963018809463,"effort"
"Rhode Island",1998,1,13.2110095839982,2.05860087580798,"effort"
"Rhode Island",1999,1,13.2851996565414,1.78507048107726,"effort"
"Rhode Island",2000,1,13.2670955563604,1.46325540225602,"effort"
"Rhode Island",2001,1,12.0471706962774,2.11685774306526,"effort"
"Rhode Island",2002,1,12.0618153642424,1.74832991130072,"effort"
"Rhode Island",2003,1,11.9317739481802,0.8754687373539,"effort"
"Rhode Island",2004,1,11.8032565257523,1.29882833533861,"effort"
"Rhode Island",1984,2,11.5418141398139,1.52605630349505,"effort"
"Rhode Island",1985,2,11.7449018913332,1.06471073699243,"effort"
"Rhode Island",1986,2,12.1724124440375,1.37118072330984,"effort"
"Rhode Island",1987,2,12.2527081090462,1.63705307946707,"effort"
"Rhode Island",1988,2,12.2180555627447,2.0912465871296,"effort"
"Rhode Island",1989,2,12.2591061748302,2.12106321637066,"effort"
"Rhode Island",1990,2,12.407191422407,1.69469775638492,"effort"
"Rhode Island",1991,2,12.577412038909,2.55256529826182,"effort"
"Rhode Island",1992,2,12.5832480124647,1.75871961514985,"effort"
"Rhode Island",1993,2,12.6650406051556,2.71336936257981,"effort"
"Rhode Island",1994,2,12.7763033242137,2.21920348405499,"effort"
"Rhode Island",1995,2,12.9359277694955,2.21101789946856,"effort"
"Rhode Island",1996,2,13.0207646661685,2.50389194969908,"effort"
"Rhode Island",1997,2,13.0032036445351,2.78963018809463,"effort"
"Rhode Island",1998,2,13.1548053978156,2.05860087580798,"effort"
"Rhode Island",1999,2,13.2110095839982,1.78507048107726,"effort"
"Rhode Island",2000,2,13.2851996565414,1.46325540225602,"effort"
"Rhode Island",2001,2,13.2670955563604,2.11685774306526,"effort"
"Rhode Island",2002,2,12.0471706962774,1.74832991130072,"effort"
"Rhode Island",2003,2,12.0618153642424,0.8754687373539,"effort"
"Rhode Island",2004,2,11.9317739481802,1.29882833533861,"effort"
"Rhode Island",1984,3,11.5665136241402,1.52605630349505,"effort"
"Rhode Island",1985,3,11.5418141398139,1.06471073699243,"effort"
"Rhode Island",1986,3,11.7449018913332,1.37118072330984,"effort"
"Rhode Island",1987,3,12.1724124440375,1.63705307946707,"effort"
"Rhode Island",1988,3,12.2527081090462,2.0912465871296,"effort"
"Rhode Island",1989,3,12.2180555627447,2.12106321637066,"effort"
"Rhode Island",1990,3,12.2591061748302,1.69469775638492,"effort"
"Rhode Island",1991,3,12.407191422407,2.55256529826182,"effort"
"Rhode Island",1992,3,12.577412038909,1.75871961514985,"effort"
"Rhode Island",1993,3,12.5832480124647,2.71336936257981,"effort"
"Rhode Island",1994,3,12.6650406051556,2.21920348405499,"effort"
"Rhode Island",1995,3,12.7763033242137,2.21101789946856,"effort"
"Rhode Island",1996,3,12.9359277694955,2.50389194969908,"effort"
"Rhode Island",1997,3,13.0207646661685,2.78963018809463,"effort"
"Rhode Island",1998,3,13.0032036445351,2.05860087580798,"effort"
"Rhode Island",1999,3,13.1548053978156,1.78507048107726,"effort"
"Rhode Island",2000,3,13.2110095839982,1.46325540225602,"effort"
"Rhode Island",2001,3,13.2851996565414,2.11685774306526,"effort"
"Rhode Island",2002,3,13.2670955563604,1.74832991130072,"effort"
"Rhode Island",2003,3,12.0471706962774,0.8754687373539,"effort"
"Rhode Island",2004,3,12.0618153642424,1.29882833533861,"effort"
"s Gulf St Lawrence",1984,-3,13.9068902964212,9.54083765118026,"effort"
"s Gulf St Lawrence",1985,-3,13.9068902964212,9.6762481245596,"effort"
"s Gulf St Lawrence",1986,-3,13.9068902964212,9.81327834064565,"effort"
"s Gulf St Lawrence",1987,-3,13.9068902964212,9.86794327301124,"effort"
"s Gulf St Lawrence",1988,-3,13.9068902964212,9.91307643193498,"effort"
"s Gulf St Lawrence",1989,-3,13.9068902964212,9.97840947905339,"effort"
"s Gulf St Lawrence",1990,-3,13.9068902964212,10.0090495478956,"effort"
"s Gulf St Lawrence",1991,-3,13.9068902964212,9.97933223002944,"effort"
"s Gulf St Lawrence",1992,-3,13.9068902964212,9.88158953143491,"effort"
"s Gulf St Lawrence",1993,-3,13.9068902964212,9.88977901847585,"effort"
"s Gulf St Lawrence",1994,-3,13.9068902964212,9.81014892793896,"effort"
"s Gulf St Lawrence",1995,-3,13.890079852264,9.81749383936915,"effort"
"s Gulf St Lawrence",1996,-3,13.8729819783681,9.77635847840515,"effort"
"s Gulf St Lawrence",1997,-3,13.8555866743866,9.73516357098602,"effort"
"s Gulf St Lawrence",1998,-3,13.8555866743866,9.80057404052135,"effort"
"s Gulf St Lawrence",1999,-3,13.8555866743866,9.76581617341004,"effort"
"s Gulf St Lawrence",2000,-3,13.8555866743866,9.78639740177955,"effort"
"s Gulf St Lawrence",2001,-3,13.8555866743866,9.78006489405989,"effort"
"s Gulf St Lawrence",2002,-3,13.8555866743866,9.78388160638754,"effort"
"s Gulf St Lawrence",2003,-3,13.8555866743866,9.74225015446723,"effort"
"s Gulf St Lawrence",2004,-3,13.8555866743866,9.70353548768602,"effort"
"s Gulf St Lawrence",2005,-3,13.8555866743866,9.65437213323316,"effort"
"s Gulf St Lawrence",2006,-3,13.8555866743866,9.75726453227827,"effort"
"s Gulf St Lawrence",2007,-3,13.8555866743866,9.73485586046818,"effort"
"s Gulf St Lawrence",1984,-2,13.9068902964212,9.54083765118026,"effort"
"s Gulf St Lawrence",1985,-2,13.9068902964212,9.6762481245596,"effort"
"s Gulf St Lawrence",1986,-2,13.9068902964212,9.81327834064565,"effort"
"s Gulf St Lawrence",1987,-2,13.9068902964212,9.86794327301124,"effort"
"s Gulf St Lawrence",1988,-2,13.9068902964212,9.91307643193498,"effort"
"s Gulf St Lawrence",1989,-2,13.9068902964212,9.97840947905339,"effort"
"s Gulf St Lawrence",1990,-2,13.9068902964212,10.0090495478956,"effort"
"s Gulf St Lawrence",1991,-2,13.9068902964212,9.97933223002944,"effort"
"s Gulf St Lawrence",1992,-2,13.9068902964212,9.88158953143491,"effort"
"s Gulf St Lawrence",1993,-2,13.9068902964212,9.88977901847585,"effort"
"s Gulf St Lawrence",1994,-2,13.9068902964212,9.81014892793896,"effort"
"s Gulf St Lawrence",1995,-2,13.9068902964212,9.81749383936915,"effort"
"s Gulf St Lawrence",1996,-2,13.890079852264,9.77635847840515,"effort"
"s Gulf St Lawrence",1997,-2,13.8729819783681,9.73516357098602,"effort"
"s Gulf St Lawrence",1998,-2,13.8555866743866,9.80057404052135,"effort"
"s Gulf St Lawrence",1999,-2,13.8555866743866,9.76581617341004,"effort"
"s Gulf St Lawrence",2000,-2,13.8555866743866,9.78639740177955,"effort"
"s Gulf St Lawrence",2001,-2,13.8555866743866,9.78006489405989,"effort"
"s Gulf St Lawrence",2002,-2,13.8555866743866,9.78388160638754,"effort"
"s Gulf St Lawrence",2003,-2,13.8555866743866,9.74225015446723,"effort"
"s Gulf St Lawrence",2004,-2,13.8555866743866,9.70353548768602,"effort"
"s Gulf St Lawrence",2005,-2,13.8555866743866,9.65437213323316,"effort"
"s Gulf St Lawrence",2006,-2,13.8555866743866,9.75726453227827,"effort"
"s Gulf St Lawrence",2007,-2,13.8555866743866,9.73485586046818,"effort"
"s Gulf St Lawrence",1984,-1,13.9068902964212,9.54083765118026,"effort"
"s Gulf St Lawrence",1985,-1,13.9068902964212,9.6762481245596,"effort"
"s Gulf St Lawrence",1986,-1,13.9068902964212,9.81327834064565,"effort"
"s Gulf St Lawrence",1987,-1,13.9068902964212,9.86794327301124,"effort"
"s Gulf St Lawrence",1988,-1,13.9068902964212,9.91307643193498,"effort"
"s Gulf St Lawrence",1989,-1,13.9068902964212,9.97840947905339,"effort"
"s Gulf St Lawrence",1990,-1,13.9068902964212,10.0090495478956,"effort"
"s Gulf St Lawrence",1991,-1,13.9068902964212,9.97933223002944,"effort"
"s Gulf St Lawrence",1992,-1,13.9068902964212,9.88158953143491,"effort"
"s Gulf St Lawrence",1993,-1,13.9068902964212,9.88977901847585,"effort"
"s Gulf St Lawrence",1994,-1,13.9068902964212,9.81014892793896,"effort"
"s Gulf St Lawrence",1995,-1,13.9068902964212,9.81749383936915,"effort"
"s Gulf St Lawrence",1996,-1,13.9068902964212,9.77635847840515,"effort"
"s Gulf St Lawrence",1997,-1,13.890079852264,9.73516357098602,"effort"
"s Gulf St Lawrence",1998,-1,13.8729819783681,9.80057404052135,"effort"
"s Gulf St Lawrence",1999,-1,13.8555866743866,9.76581617341004,"effort"
"s Gulf St Lawrence",2000,-1,13.8555866743866,9.78639740177955,"effort"
"s Gulf St Lawrence",2001,-1,13.8555866743866,9.78006489405989,"effort"
"s Gulf St Lawrence",2002,-1,13.8555866743866,9.78388160638754,"effort"
"s Gulf St Lawrence",2003,-1,13.8555866743866,9.74225015446723,"effort"
"s Gulf St Lawrence",2004,-1,13.8555866743866,9.70353548768602,"effort"
"s Gulf St Lawrence",2005,-1,13.8555866743866,9.65437213323316,"effort"
"s Gulf St Lawrence",2006,-1,13.8555866743866,9.75726453227827,"effort"
"s Gulf St Lawrence",2007,-1,13.8555866743866,9.73485586046818,"effort"
"s Gulf St Lawrence",1984,0,13.9068902964212,9.54083765118026,"effort"
"s Gulf St Lawrence",1985,0,13.9068902964212,9.6762481245596,"effort"
"s Gulf St Lawrence",1986,0,13.9068902964212,9.81327834064565,"effort"
"s Gulf St Lawrence",1987,0,13.9068902964212,9.86794327301124,"effort"
"s Gulf St Lawrence",1988,0,13.9068902964212,9.91307643193498,"effort"
"s Gulf St Lawrence",1989,0,13.9068902964212,9.97840947905339,"effort"
"s Gulf St Lawrence",1990,0,13.9068902964212,10.0090495478956,"effort"
"s Gulf St Lawrence",1991,0,13.9068902964212,9.97933223002944,"effort"
"s Gulf St Lawrence",1992,0,13.9068902964212,9.88158953143491,"effort"
"s Gulf St Lawrence",1993,0,13.9068902964212,9.88977901847585,"effort"
"s Gulf St Lawrence",1994,0,13.9068902964212,9.81014892793896,"effort"
"s Gulf St Lawrence",1995,0,13.9068902964212,9.81749383936915,"effort"
"s Gulf St Lawrence",1996,0,13.9068902964212,9.77635847840515,"effort"
"s Gulf St Lawrence",1997,0,13.9068902964212,9.73516357098602,"effort"
"s Gulf St Lawrence",1998,0,13.890079852264,9.80057404052135,"effort"
"s Gulf St Lawrence",1999,0,13.8729819783681,9.76581617341004,"effort"
"s Gulf St Lawrence",2000,0,13.8555866743866,9.78639740177955,"effort"
"s Gulf St Lawrence",2001,0,13.8555866743866,9.78006489405989,"effort"
"s Gulf St Lawrence",2002,0,13.8555866743866,9.78388160638754,"effort"
"s Gulf St Lawrence",2003,0,13.8555866743866,9.74225015446723,"effort"
"s Gulf St Lawrence",2004,0,13.8555866743866,9.70353548768602,"effort"
"s Gulf St Lawrence",2005,0,13.8555866743866,9.65437213323316,"effort"
"s Gulf St Lawrence",2006,0,13.8555866743866,9.75726453227827,"effort"
"s Gulf St Lawrence",2007,0,13.8555866743866,9.73485586046818,"effort"
"s Gulf St Lawrence",1984,1,13.9068902964212,9.54083765118026,"effort"
"s Gulf St Lawrence",1985,1,13.9068902964212,9.6762481245596,"effort"
"s Gulf St Lawrence",1986,1,13.9068902964212,9.81327834064565,"effort"
"s Gulf St Lawrence",1987,1,13.9068902964212,9.86794327301124,"effort"
"s Gulf St Lawrence",1988,1,13.9068902964212,9.91307643193498,"effort"
"s Gulf St Lawrence",1989,1,13.9068902964212,9.97840947905339,"effort"
"s Gulf St Lawrence",1990,1,13.9068902964212,10.0090495478956,"effort"
"s Gulf St Lawrence",1991,1,13.9068902964212,9.97933223002944,"effort"
"s Gulf St Lawrence",1992,1,13.9068902964212,9.88158953143491,"effort"
"s Gulf St Lawrence",1993,1,13.9068902964212,9.88977901847585,"effort"
"s Gulf St Lawrence",1994,1,13.9068902964212,9.81014892793896,"effort"
"s Gulf St Lawrence",1995,1,13.9068902964212,9.81749383936915,"effort"
"s Gulf St Lawrence",1996,1,13.9068902964212,9.77635847840515,"effort"
"s Gulf St Lawrence",1997,1,13.9068902964212,9.73516357098602,"effort"
"s Gulf St Lawrence",1998,1,13.9068902964212,9.80057404052135,"effort"
"s Gulf St Lawrence",1999,1,13.890079852264,9.76581617341004,"effort"
"s Gulf St Lawrence",2000,1,13.8729819783681,9.78639740177955,"effort"
"s Gulf St Lawrence",2001,1,13.8555866743866,9.78006489405989,"effort"
"s Gulf St Lawrence",2002,1,13.8555866743866,9.78388160638754,"effort"
"s Gulf St Lawrence",2003,1,13.8555866743866,9.74225015446723,"effort"
"s Gulf St Lawrence",2004,1,13.8555866743866,9.70353548768602,"effort"
"s Gulf St Lawrence",2005,1,13.8555866743866,9.65437213323316,"effort"
"s Gulf St Lawrence",2006,1,13.8555866743866,9.75726453227827,"effort"
"s Gulf St Lawrence",2007,1,13.8555866743866,9.73485586046818,"effort"
"s Gulf St Lawrence",1984,2,13.9068902964212,9.54083765118026,"effort"
"s Gulf St Lawrence",1985,2,13.9068902964212,9.6762481245596,"effort"
"s Gulf St Lawrence",1986,2,13.9068902964212,9.81327834064565,"effort"
"s Gulf St Lawrence",1987,2,13.9068902964212,9.86794327301124,"effort"
"s Gulf St Lawrence",1988,2,13.9068902964212,9.91307643193498,"effort"
"s Gulf St Lawrence",1989,2,13.9068902964212,9.97840947905339,"effort"
"s Gulf St Lawrence",1990,2,13.9068902964212,10.0090495478956,"effort"
"s Gulf St Lawrence",1991,2,13.9068902964212,9.97933223002944,"effort"
"s Gulf St Lawrence",1992,2,13.9068902964212,9.88158953143491,"effort"
"s Gulf St Lawrence",1993,2,13.9068902964212,9.88977901847585,"effort"
"s Gulf St Lawrence",1994,2,13.9068902964212,9.81014892793896,"effort"
"s Gulf St Lawrence",1995,2,13.9068902964212,9.81749383936915,"effort"
"s Gulf St Lawrence",1996,2,13.9068902964212,9.77635847840515,"effort"
"s Gulf St Lawrence",1997,2,13.9068902964212,9.73516357098602,"effort"
"s Gulf St Lawrence",1998,2,13.9068902964212,9.80057404052135,"effort"
"s Gulf St Lawrence",1999,2,13.9068902964212,9.76581617341004,"effort"
"s Gulf St Lawrence",2000,2,13.890079852264,9.78639740177955,"effort"
"s Gulf St Lawrence",2001,2,13.8729819783681,9.78006489405989,"effort"
"s Gulf St Lawrence",2002,2,13.8555866743866,9.78388160638754,"effort"
"s Gulf St Lawrence",2003,2,13.8555866743866,9.74225015446723,"effort"
"s Gulf St Lawrence",2004,2,13.8555866743866,9.70353548768602,"effort"
"s Gulf St Lawrence",2005,2,13.8555866743866,9.65437213323316,"effort"
"s Gulf St Lawrence",2006,2,13.8555866743866,9.75726453227827,"effort"
"s Gulf St Lawrence",2007,2,13.8555866743866,9.73485586046818,"effort"
"s Gulf St Lawrence",1984,3,13.9068902964212,9.54083765118026,"effort"
"s Gulf St Lawrence",1985,3,13.9068902964212,9.6762481245596,"effort"
"s Gulf St Lawrence",1986,3,13.9068902964212,9.81327834064565,"effort"
"s Gulf St Lawrence",1987,3,13.9068902964212,9.86794327301124,"effort"
"s Gulf St Lawrence",1988,3,13.9068902964212,9.91307643193498,"effort"
"s Gulf St Lawrence",1989,3,13.9068902964212,9.97840947905339,"effort"
"s Gulf St Lawrence",1990,3,13.9068902964212,10.0090495478956,"effort"
"s Gulf St Lawrence",1991,3,13.9068902964212,9.97933223002944,"effort"
"s Gulf St Lawrence",1992,3,13.9068902964212,9.88158953143491,"effort"
"s Gulf St Lawrence",1993,3,13.9068902964212,9.88977901847585,"effort"
"s Gulf St Lawrence",1994,3,13.9068902964212,9.81014892793896,"effort"
"s Gulf St Lawrence",1995,3,13.9068902964212,9.81749383936915,"effort"
"s Gulf St Lawrence",1996,3,13.9068902964212,9.77635847840515,"effort"
"s Gulf St Lawrence",1997,3,13.9068902964212,9.73516357098602,"effort"
"s Gulf St Lawrence",1998,3,13.9068902964212,9.80057404052135,"effort"
"s Gulf St Lawrence",1999,3,13.9068902964212,9.76581617341004,"effort"
"s Gulf St Lawrence",2000,3,13.9068902964212,9.78639740177955,"effort"
"s Gulf St Lawrence",2001,3,13.890079852264,9.78006489405989,"effort"
"s Gulf St Lawrence",2002,3,13.8729819783681,9.78388160638754,"effort"
"s Gulf St Lawrence",2003,3,13.8555866743866,9.74225015446723,"effort"
"s Gulf St Lawrence",2004,3,13.8555866743866,9.70353548768602,"effort"
"s Gulf St Lawrence",2005,3,13.8555866743866,9.65437213323316,"effort"
"s Gulf St Lawrence",2006,3,13.8555866743866,9.75726453227827,"effort"
"s Gulf St Lawrence",2007,3,13.8555866743866,9.73485586046818,"effort"
"s New England",1984,-3,12.2591061748302,16.4966711181091,"effort"
"s New England",1985,-3,12.407191422407,16.7221908284121,"effort"
"s New England",1986,-3,12.577412038909,16.7332515598769,"effort"
"s New England",1987,-3,12.5832480124647,16.8409278393878,"effort"
"s New England",1988,-3,12.6650406051556,16.9309369288214,"effort"
"s New England",1989,-3,12.7763033242137,17.0433148055768,"effort"
"s New England",1990,-3,12.9359277694955,17.1417437035475,"effort"
"s New England",1991,-3,13.0207646661685,17.0550231719229,"effort"
"s New England",1992,-3,13.0032036445351,16.9662612775846,"effort"
"s New England",1993,-3,13.1548053978156,17.085349422692,"effort"
"s New England",1994,-3,13.2110095839982,17.2649614518875,"effort"
"s New England",1995,-3,13.2851996565414,17.3654497320461,"effort"
"s New England",1996,-3,13.2670955563604,17.4149629924992,"effort"
"s New England",1997,-3,12.9074706938717,17.4186469213825,"effort"
"s New England",1998,-3,12.8441800487071,17.3941984010043,"effort"
"s New England",1999,-3,12.7783028221814,17.3234165462012,"effort"
"s New England",2000,-3,12.4280114714541,17.1203119371967,"effort"
"s New England",2001,-3,12.3950925515422,16.860315812834,"effort"
"s New England",2002,-3,12.2901472143171,16.6220555595488,"effort"
"s New England",2003,-3,12.357556916504,16.3674946904973,"effort"
"s New England",2004,-3,12.2719306083216,16.4445269311914,"effort"
"s New England",1984,-2,12.2180555627447,16.4966711181091,"effort"
"s New England",1985,-2,12.2591061748302,16.7221908284121,"effort"
"s New England",1986,-2,12.407191422407,16.7332515598769,"effort"
"s New England",1987,-2,12.577412038909,16.8409278393878,"effort"
"s New England",1988,-2,12.5832480124647,16.9309369288214,"effort"
"s New England",1989,-2,12.6650406051556,17.0433148055768,"effort"
"s New England",1990,-2,12.7763033242137,17.1417437035475,"effort"
"s New England",1991,-2,12.9359277694955,17.0550231719229,"effort"
"s New England",1992,-2,13.0207646661685,16.9662612775846,"effort"
"s New England",1993,-2,13.0032036445351,17.085349422692,"effort"
"s New England",1994,-2,13.1548053978156,17.2649614518875,"effort"
"s New England",1995,-2,13.2110095839982,17.3654497320461,"effort"
"s New England",1996,-2,13.2851996565414,17.4149629924992,"effort"
"s New England",1997,-2,13.2670955563604,17.4186469213825,"effort"
"s New England",1998,-2,12.9074706938717,17.3941984010043,"effort"
"s New England",1999,-2,12.8441800487071,17.3234165462012,"effort"
"s New England",2000,-2,12.7783028221814,17.1203119371967,"effort"
"s New England",2001,-2,12.4280114714541,16.860315812834,"effort"
"s New England",2002,-2,12.3950925515422,16.6220555595488,"effort"
"s New England",2003,-2,12.2901472143171,16.3674946904973,"effort"
"s New England",2004,-2,12.357556916504,16.4445269311914,"effort"
"s New England",1984,-1,12.2527081090462,16.4966711181091,"effort"
"s New England",1985,-1,12.2180555627447,16.7221908284121,"effort"
"s New England",1986,-1,12.2591061748302,16.7332515598769,"effort"
"s New England",1987,-1,12.407191422407,16.8409278393878,"effort"
"s New England",1988,-1,12.577412038909,16.9309369288214,"effort"
"s New England",1989,-1,12.5832480124647,17.0433148055768,"effort"
"s New England",1990,-1,12.6650406051556,17.1417437035475,"effort"
"s New England",1991,-1,12.7763033242137,17.0550231719229,"effort"
"s New England",1992,-1,12.9359277694955,16.9662612775846,"effort"
"s New England",1993,-1,13.0207646661685,17.085349422692,"effort"
"s New England",1994,-1,13.0032036445351,17.2649614518875,"effort"
"s New England",1995,-1,13.1548053978156,17.3654497320461,"effort"
"s New England",1996,-1,13.2110095839982,17.4149629924992,"effort"
"s New England",1997,-1,13.2851996565414,17.4186469213825,"effort"
"s New England",1998,-1,13.2670955563604,17.3941984010043,"effort"
"s New England",1999,-1,12.9074706938717,17.3234165462012,"effort"
"s New England",2000,-1,12.8441800487071,17.1203119371967,"effort"
"s New England",2001,-1,12.7783028221814,16.860315812834,"effort"
"s New England",2002,-1,12.4280114714541,16.6220555595488,"effort"
"s New England",2003,-1,12.3950925515422,16.3674946904973,"effort"
"s New England",2004,-1,12.2901472143171,16.4445269311914,"effort"
"s New England",1984,0,12.1724124440375,16.4966711181091,"effort"
"s New England",1985,0,12.2527081090462,16.7221908284121,"effort"
"s New England",1986,0,12.2180555627447,16.7332515598769,"effort"
"s New England",1987,0,12.2591061748302,16.8409278393878,"effort"
"s New England",1988,0,12.407191422407,16.9309369288214,"effort"
"s New England",1989,0,12.577412038909,17.0433148055768,"effort"
"s New England",1990,0,12.5832480124647,17.1417437035475,"effort"
"s New England",1991,0,12.6650406051556,17.0550231719229,"effort"
"s New England",1992,0,12.7763033242137,16.9662612775846,"effort"
"s New England",1993,0,12.9359277694955,17.085349422692,"effort"
"s New England",1994,0,13.0207646661685,17.2649614518875,"effort"
"s New England",1995,0,13.0032036445351,17.3654497320461,"effort"
"s New England",1996,0,13.1548053978156,17.4149629924992,"effort"
"s New England",1997,0,13.2110095839982,17.4186469213825,"effort"
"s New England",1998,0,13.2851996565414,17.3941984010043,"effort"
"s New England",1999,0,13.2670955563604,17.3234165462012,"effort"
"s New England",2000,0,12.9074706938717,17.1203119371967,"effort"
"s New England",2001,0,12.8441800487071,16.860315812834,"effort"
"s New England",2002,0,12.7783028221814,16.6220555595488,"effort"
"s New England",2003,0,12.4280114714541,16.3674946904973,"effort"
"s New England",2004,0,12.3950925515422,16.4445269311914,"effort"
"s New England",1984,1,11.7449018913332,16.4966711181091,"effort"
"s New England",1985,1,12.1724124440375,16.7221908284121,"effort"
"s New England",1986,1,12.2527081090462,16.7332515598769,"effort"
"s New England",1987,1,12.2180555627447,16.8409278393878,"effort"
"s New England",1988,1,12.2591061748302,16.9309369288214,"effort"
"s New England",1989,1,12.407191422407,17.0433148055768,"effort"
"s New England",1990,1,12.577412038909,17.1417437035475,"effort"
"s New England",1991,1,12.5832480124647,17.0550231719229,"effort"
"s New England",1992,1,12.6650406051556,16.9662612775846,"effort"
"s New England",1993,1,12.7763033242137,17.085349422692,"effort"
"s New England",1994,1,12.9359277694955,17.2649614518875,"effort"
"s New England",1995,1,13.0207646661685,17.3654497320461,"effort"
"s New England",1996,1,13.0032036445351,17.4149629924992,"effort"
"s New England",1997,1,13.1548053978156,17.4186469213825,"effort"
"s New England",1998,1,13.2110095839982,17.3941984010043,"effort"
"s New England",1999,1,13.2851996565414,17.3234165462012,"effort"
"s New England",2000,1,13.2670955563604,17.1203119371967,"effort"
"s New England",2001,1,12.9074706938717,16.860315812834,"effort"
"s New England",2002,1,12.8441800487071,16.6220555595488,"effort"
"s New England",2003,1,12.7783028221814,16.3674946904973,"effort"
"s New England",2004,1,12.4280114714541,16.4445269311914,"effort"
"s New England",1984,2,11.5418141398139,16.4966711181091,"effort"
"s New England",1985,2,11.7449018913332,16.7221908284121,"effort"
"s New England",1986,2,12.1724124440375,16.7332515598769,"effort"
"s New England",1987,2,12.2527081090462,16.8409278393878,"effort"
"s New England",1988,2,12.2180555627447,16.9309369288214,"effort"
"s New England",1989,2,12.2591061748302,17.0433148055768,"effort"
"s New England",1990,2,12.407191422407,17.1417437035475,"effort"
"s New England",1991,2,12.577412038909,17.0550231719229,"effort"
"s New England",1992,2,12.5832480124647,16.9662612775846,"effort"
"s New England",1993,2,12.6650406051556,17.085349422692,"effort"
"s New England",1994,2,12.7763033242137,17.2649614518875,"effort"
"s New England",1995,2,12.9359277694955,17.3654497320461,"effort"
"s New England",1996,2,13.0207646661685,17.4149629924992,"effort"
"s New England",1997,2,13.0032036445351,17.4186469213825,"effort"
"s New England",1998,2,13.1548053978156,17.3941984010043,"effort"
"s New England",1999,2,13.2110095839982,17.3234165462012,"effort"
"s New England",2000,2,13.2851996565414,17.1203119371967,"effort"
"s New England",2001,2,13.2670955563604,16.860315812834,"effort"
"s New England",2002,2,12.9074706938717,16.6220555595488,"effort"
"s New England",2003,2,12.8441800487071,16.3674946904973,"effort"
"s New England",2004,2,12.7783028221814,16.4445269311914,"effort"
"s New England",1984,3,11.5665136241402,16.4966711181091,"effort"
"s New England",1985,3,11.5418141398139,16.7221908284121,"effort"
"s New England",1986,3,11.7449018913332,16.7332515598769,"effort"
"s New England",1987,3,12.1724124440375,16.8409278393878,"effort"
"s New England",1988,3,12.2527081090462,16.9309369288214,"effort"
"s New England",1989,3,12.2180555627447,17.0433148055768,"effort"
"s New England",1990,3,12.2591061748302,17.1417437035475,"effort"
"s New England",1991,3,12.407191422407,17.0550231719229,"effort"
"s New England",1992,3,12.577412038909,16.9662612775846,"effort"
"s New England",1993,3,12.5832480124647,17.085349422692,"effort"
"s New England",1994,3,12.6650406051556,17.2649614518875,"effort"
"s New England",1995,3,12.7763033242137,17.3654497320461,"effort"
"s New England",1996,3,12.9359277694955,17.4149629924992,"effort"
"s New England",1997,3,13.0207646661685,17.4186469213825,"effort"
"s New England",1998,3,13.0032036445351,17.3941984010043,"effort"
"s New England",1999,3,13.1548053978156,17.3234165462012,"effort"
"s New England",2000,3,13.2110095839982,17.1203119371967,"effort"
"s New England",2001,3,13.2851996565414,16.860315812834,"effort"
"s New England",2002,3,13.2670955563604,16.6220555595488,"effort"
"s New England",2003,3,12.9074706938717,16.3674946904973,"effort"
"s New England",2004,3,12.8441800487071,16.4445269311914,"effort"
